Workbook

Sheet df
A1: FANTAPEPE | C1: ORTEZZANO | E1: MONTELPARO | G1: FANTALEONE
A2: squadra00 | C2: squadra10 | E2: squadra20 | G2: squadra30
A3: squadra01 | C3: squadra11 | E3: squadra21 | G3: squadra31
A4: squadra02 | C4: squadra12 | E4: squadra22 | G4: squadra32
A5: squadra03 | C5: squadra13 | E5: squadra23 | G5: squadra33
A6: squadra04 | C6: squadra14 | E6: squadra24 | G6: squadra34
A7: squadra05 | C7: squadra15 | E7: squadra25 | G7: squadra35
A8: squadra06 | C8: squadra16 | E8: squadra26 | G8: squadra36
A9: squadra07 | C9: squadra17 | E9: squadra27 | G9: squadra37
A10: squadra08 | C10: squadra18 | E10: squadra28 | G10: squadra38
A11: squadra09 | C11: squadra19 | E11: squadra29 | G11: squadra39

Sheet DATASET
A1: FANTAPEPE | C1: ORTEZZANO | E1: MONTELPARO | G1: FANTALEONE | J1: Pc | K1: MARTINEZ L. | L1: INT
A2: Chicago Hasbulls | C2: Atletico Viperetta | E2: Pich Saint Germain | G2: Berlusca Dortmund | J2: Pc | K2: THURAM | L2: INT
A3: Real Lekkoba | C3: Mestieranti alla Better | E3: Zapdoria F.C. | G3: ReaL Fantonio | J3: Pc | K3: KEAN | L3: FIO
A4: FC LONGOBARDA | C4: Ahh poesse | E4: Real ZeLo | G4: As LucaGorets | J4: Pc | K4: DAVID | L4: JUV
A5: bomberini | C5: salumificio cardinali | E5: Hillboyss | G5: FC Arrisse | J5: A | K5: LEAO | L5: MIL
A6: PETRUS | C6: Horto Muso Zorteam | E6: Fc Increduli | G6: Forche di Roso FC | J6: C, T | K6: MCTOMINAY | L6: NAP
A7: Pepinho City | C7: Sotto per il Coco | E7: AC Clitoristo | G7: FantAllegri | J7: T, A | K7: PULISIC | L7: MIL
A8: AvelLino Banfi | C8: AteGamE | E8: SPAL Letta Fc | G8: TheStars94 | J8: Pc | K8: HOJLUND | L8: NAP
A9: Vojvodka liscia | C9: CamerierCarlo | E9: Fusbana | G9: F.C. Chiappe d ORO | J9: T, A | K9: PAZ N. | L9: COM
A10: AC Nostalgici 1922 | C10: Equitalia SpA | E10: PEPE SCANNATU | G10: FC Polidem | J10: A | K10: YILDIZ | L10: JUV
A11: Bayern Muten | C11: FC Demepoli | E11: FC Arrisse Junior | G11: NAPA U | J11: Pc | K11: CASTELLANOS | L11: LAZ
J12: W, A | K12: ORSOLINI | L12: BOL
J13: W, A | K13: ZACCAGNI | L13: LAZ
J14: Pc | K14: FERGUSON E. | L14: ROM
J15: A | K15: SOULÈ | L15: ROM
J16: A | K16: BERARDI | L16: SAS
J17: T, A | K17: GUDMUNDSSON A. | L17: FIO
J18: T | K18: DE BRUYNE | L18: NAP
J19: Pc | K19: SCAMACCA | L19: ATA
J20: A | K20: DYBALA | L20: ROM
J21: Por | K21: DI GREGORIO | L21: JUV
J22: Por | K22: MAIGNAN | L22: MIL
J23: Por | K23: SOMMER | L23: INT
... J533: Pc | K533: SKJELLERUP | L533: SAS

Sheet Eliminazione diretta
B2: PLAYOFF | C2: ANDATA | D2: RITORNO | E2: TOTALE | G2: OTTAVI | H2: ANDATA | I2: RITORNO | J2: TOTALE | M2: QUARTI | N2: ANDATA | O2: RITORNO | P2: TOTALE | S2: SEMIFINALI | T2: ANDATA | U2: RITORNO | V2: TOTALE | Y2: FINALE
B3: Chicago Hasbulls (22) | C3: 2 (72.0) | D3: 0 (64.5) | E3: 2 (136.5) | G3: Zapdoria F.C. (11) | H3: 3 (76.5) | I3: 3 (76.0) | J3: 6 (152.5)
B4: Zapdoria F.C. (11) | C4: 3 (74.5) | D4: 0 (65.0) | E4: 3 (139.5) | G4: Bayern Muten (6) | H4: 1 (68.0) | I4: 0 (65.0) | J4: 1 (133.0)
M5: Zapdoria F.C. (11) | N5: 0 (65.0) | O5: 2 (70.5) | P5: 2 (135.5)
M6: AC Nostalgici 1922 (13) | N6: 1 (69.0) | O6: 2 (70.0) | P6: 3 (139.0)
B7: SPAL Letta Fc (20) | C7: 1 (66.0) | D7: 0 (55.0) | E7: 1 (121) | G7: AC Nostalgici 1922 (13) | H7: 0 (65.5) | I7: 2 (70.0) | J7: 2 (135.5)
B8: AC Nostalgici 1922 (13) | C8: 1 (69.0) | D8: 1 (69.0) | E8: 2 (138) | G8: FC Arrisse (3) | H8: 1 (67.5) | I8: 1 (67.5) | J8: 2 (135.0)
S9: AC Nostalgici 1922 (13) | T9: 0 (63.5) | U9: 0 (61.5) | V9: 0 (125.0)
S10: Fusbana (1) | T10: 1 (69.5) | U10: 1 (69.0) | V10: 2 (138.5)
B11: Forche di Roso FC (24) | C11: 1 (69.0) | D11: 0 (65.5) | E11: 1 (134.5) | G11: FC Polidem (9) | H11: 3 (76.0) | I11: 2 (70.0) | J11: 5 (146.0)
B12: FC Polidem (9) | C12: 3 (75.0) | D12: 2 (72.0) | E12: 5 (147) | G12: Mestieranti alla Better (8) | H12: 2 (72.5) | I12: 1 (67.5) | J12: 3 (140.0)
M13: FC Polidem (9) | N13: 2 (73.5) | O13: 0 (60.5) | P13: 2 (133.5)
M14: Fusbana (1) | N14: 3 (76.0) | O14: 0 (63.0) | P14: 3 (139.0)
B15: ReaL Fantonio (18) | C15: 5 (84.0) | D15: 2 (73.0) | E15: 7 (157) | G15: ReaL Fantonio (18) | H15: 1 (67.0) | I15: 0 (57.5) | J15: 1 (124.5)
B16: Pepinho City (15) | C16: 2 (73.5) | D16: 1 (67.5) | E16: 3 (141) | G16: Fusbana (1) | H16: 0 (61.0) | I16: 4 (80.5) | J16: 4 (141.5)
Y17: Fusbana (1) | Z17: 1 (68.0)
Y18: Vojvodka liscia (5) | Z18: 2 (72.5)
B19: Real ZeLo (21) | C19: 1 (68.5) | D19: 2 (73.0) | E19: 3 (141.5) | G19: Real ZeLo (21) | H19: 2 (70.5) | I19: 0 (61.0) | J19: 2 (131.5)
B20: TheStars94 (12) | C20: 0 (61.5) | D20: 0 (64.0) | E20: 0 (125.5) | G20: Vojvodka liscia (5) | H20: 3 (75.5) | I20: 1 (66.5) | J20: 4 (142.0)
M21: Vojvodka liscia (5) | N21: 2 (72.0) | O21: 1 (69.5) | P21: 3 (141.5)
M22: FC Demepoli (4) | N22: 0 (61.0) | O22: 0 (60.5) | P22: 0 (121.5)
B23: Hillboyss (19) | C23: 2 (73.0) | D23: 0 (62.5) | E23: 2 (135.5) | G23: Hillboyss (19) | H23: 1 (69.5) | I23: 0 (65.5) | J23: 1 (135.0)
B24: NAPA U (14) | C24: 0 (64.5) | D24: 1 (66.0) | E24: 1 (130.5) | G24: FC Demepoli (4) | H24: 1 (68.0) | I24: 1 (66.5) | J24: 2 (134.5)
S25: Vojvodka liscia (5) | T25: 3 (74.5) | U25: 4 (79.5) | V25: 7 (154.0)
S26: Pich Saint Germain (16) | T26: 1 (68.5) | U26: 1 (67.0) | V26: 2 (135.5)
B27: PEPE SCANNATU (23) | C27: 0 (63.5) | D27: 0 (58.5) | E27: 0 (122) | G27: Equitalia SpA (10) | H27: 0 (60.5) | I27: 0 (60.5) | J27: 0 (121.0)
B28: Equitalia SpA (10) | C28: 2 (71.5) | D28: 0 (62.5) | E28: 2 (134) | G28: PETRUS (7) | H28: 1 (69.5) | I28: 1 (67.0) | J28: 2 (136.5)
M29: PETRUS (7) | N29: 0 (63.5) | O29: 1 (69.5) | P29: 1 (133.0)
M30: Pich Saint Germain (16) | N30: 3 (77.5) | O30: 1 (67.5) | P30: 4 (145.0)
B31: CamerierCarlo (17) | C31: 1 (68.5) | D31: 0 (65.5) | E31: 1 (134) | G31: Pich Saint Germain (16) | H31: 4 (79.5) | I31: 1 (66.5) | J31: 5 (146.0)
B32: Pich Saint Germain (16) | C32: 1 (69.0) | D32: 1 (67.0) | E32: 2 (136) | G32: Ahh poesse (2) | H32: 0 (60.0) | I32: 2 (71.5) | J32: 2 (131.5)

Sheet Classifica
B2: # | C2: Nome | D2: Punti | E2: Punteggio | F2: Vittorie | G2: Pareggi | H2: Sconfitte | I2: Gol Fatti | J2: Gol Subiti
B3: 1 | C3: Fusbana | D3: 21 | E3: 710.5 | F3: 7 | G3: 0 | H3: 3 | I3: 19 | J3: 11 | L3: Qualificazione diretta agli ottavi di finale
B4: 2 | C4: Ahh poesse | D4: 20 | E4: 715.5 | F4: 6 | G4: 2 | H4: 2 | I4: 21 | J4: 14
B5: 3 | C5: FC Arrisse | D5: 20 | E5: 701 | F5: 6 | G5: 2 | H5: 2 | I5: 16 | J5: 10 | L5: Qualificazione ai sedicesimi di finale
B6: 4 | C6: FC Demepoli | D6: 19 | E6: 724.5 | F6: 5 | G6: 4 | H6: 1 | I6: 21 | J6: 11
B7: 5 | C7: Vojvodka liscia | D7: 19 | E7: 705.5 | F7: 6 | G7: 1 | H7: 3 | I7: 18 | J7: 11
B8: 6 | C8: Bayern Muten | D8: 18 | E8: 703.5 | F8: 5 | G8: 3 | H8: 2 | I8: 18 | J8: 11
B9: 7 | C9: PETRUS | D9: 18 | E9: 702 | F9: 5 | G9: 3 | H9: 2 | I9: 17 | J9: 11
B10: 8 | C10: Mestieranti alla Better | D10: 17 | E10: 692 | F10: 5 | G10: 2 | H10: 3 | I10: 13 | J10: 12
B11: 9 | C11: FC Polidem | D11: 17 | E11: 691 | F11: 5 | G11: 2 | H11: 3 | I11: 12 | J11: 10
B12: 10 | C12: Equitalia SpA | D12: 16 | E12: 718 | F12: 5 | G12: 1 | H12: 4 | I12: 20 | J12: 16
B13: 11 | C13: Zapdoria F.C. | D13: 16 | E13: 708 | F13: 4 | G13: 4 | H13: 2 | I13: 18 | J13: 14
B14: 12 | C14: TheStars94 | D14: 16 | E14: 707 | F14: 5 | G14: 1 | H14: 4 | I14: 17 | J14: 16
B15: 13 | C15: AC Nostalgici 1922 | D15: 16 | E15: 695.5 | F15: 4 | G15: 4 | H15: 2 | I15: 15 | J15: 12
B16: 14 | C16: NAPA U | D16: 15 | E16: 689.5 | F16: 4 | G16: 3 | H16: 3 | I16: 14 | J16: 11
B17: 15 | C17: Pepinho City | D17: 15 | E17: 685 | F17: 4 | G17: 3 | H17: 3 | I17: 14 | J17: 10
... B42: 40 | C42: Horto Muso Zorteam | D42: 6 | E42: 663.5 | F42: 1 | G42: 3 | H42: 6 | I42: 7 | J42: 16

Sheet Calendario
B2: Giornata 1 | E2: Serie A: Giornata4
B3: AC Clitoristo | C3: 2 | D3: 1 | E3: Pepinho City
C4: 71 | D4: 66
B5: AC Nostalgici 1922 | C5: 1 | D5: 4 | E5: Fusbana
C6: 67 | D6: 78.5
B7: Ahh poesse | C7: 0 | D7: 0 | E7: F.C. Chiappe d ORO
C8: 64 | D8: 62
B9: As LucaGorets | C9: 1 | D9: 2 | E9: SPAL Letta Fc
C10: 66.5 | D10: 71
B11: AvelLino Banfi | C11: 2 | D11: 0 | E11: Mestieranti alla Better
C12: 70.5 | D12: 64
B13: Berlusca Dortmund | C13: 1 | D13: 1 | E13: Bayern Muten
C14: 69.5 | D14: 68.5
B15: CamerierCarlo | C15: 4 | D15: 1 | E15: FC Arrisse Junior
C16: 78 | D16: 68
B17: Chicago Hasbulls | C17: 1 | D17: 1 | E17: AteGamE
C18: 68 | D18: 66
B19: Equitalia SpA | C19: 0 | D19: 2 | E19: FC Arrisse
C20: 60.5 | D20: 73
B21: FC Demepoli | C21: 6 | D21: 1 | E21: Real ZeLo
C22: 86 | D22: 68.5
B23: FC LONGOBARDA | C23: 4 | D23: 4 | E23: Forche di Roso FC
C24: 81 | D24: 79
B25: FantAllegri | C25: 2 | D25: 1 | E25: Real Lekkoba
C26: 72 | D26: 67.5
B27: Hillboyss | C27: 1 | D27: 1 | E27: bomberini
C28: 67.5 | D28: 66
B29: Horto Muso Zorteam | C29: 1 | D29: 2 | E29: Zapdoria F.C.
C30: 68.5 | D30: 73
B31: NAPA U | C31: 1 | D31: 2 | E31: PEPE SCANNATU
C32: 67 | D32: 70
B33: PETRUS | C33: 1 | D33: 0 | E33: Pich Saint Germain
C34: 66.5 | D34: 65
B35: Sotto per il Coco | C35: 2 | D35: 0 | E35: FC Polidem
C36: 70.5 | D36: 65.5
B37: TheStars94 | C37: 3 | D37: 0 | E37: Fc Increduli
C38: 74 | D38: 63
B39: Vojvodka liscia | C39: 3 | D39: 1 | E39: Atletico Viperetta
C40: 75.5 | D40: 67
B41: salumificio cardinali | C41: 4 | D41: 2 | E41: ReaL Fantonio
C42: 78.5 | D42: 70.5
B45: Giornata 2 | E45: Serie A: Giornata5
B46: As LucaGorets | C46: 1 | D46: 3 | E46: FC Demepoli
C47: 69 | D47: 75.5
B48: AvelLino Banfi | C48: 0 | D48: 2 | E48: FC Arrisse Junior
C49: 63 | D49: 72
B50: Bayern Muten | C50: 5 | D50: 0 | E50: Sotto per il Coco
C51: 83.5 | D51: 65.5
B52: Berlusca Dortmund | C52: 1 | D52: 0 | E52: salumificio cardinali
C53: 67.5 | D53: 63
B54: CamerierCarlo | C54: 2 | D54: 1 | E54: TheStars94
C55: 73.5 | D55: 69.5
B56: Equitalia SpA | C56: 2 | D56: 1 | E56: FC Polidem
C57: 72 | D57: 67.5
B58: FC Arrisse | C58: 1 | D58: 0 | E58: Chicago Hasbulls
C59: 69.5 | D59: 63.5
B60: FantAllegri | C60: 0 | D60: 0 | E60: SPAL Letta Fc
C61: 63.5 | D61: 62
B62: Fc Increduli | C62: 1 | D62: 0 | E62: PETRUS
C63: 67.5 | D63: 61.5
B64: Forche di Roso FC | C64: 3 | D64: 1 | E64: AC Clitoristo
C65: 76 | D65: 69.5
B66: Fusbana | C66: 4 | D66: 1 | E66: Atletico Viperetta
C67: 80 | D67: 66
B68: Horto Muso Zorteam | C68: 0 | D68: 1 | E68: AteGamE
C69: 63 | D69: 66.5
B70: Mestieranti alla Better | C70: 2 | D70: 1 | E70: Hillboyss
C71: 73 | D71: 67.5
B72: NAPA U | C72: 4 | D72: 1 | E72: FC LONGOBARDA
C73: 78 | D73: 69
B74: Pepinho City | C74: 0 | D74: 1 | E74: F.C. Chiappe d ORO
C75: 64 | D75: 69.5
B76: Pich Saint Germain | C76: 4 | D76: 3 | E76: AC Nostalgici 1922
C77: 78 | D77: 74
B78: Real Lekkoba | C78: 2 | D78: 2 | E78: PEPE SCANNATU
C79: 71 | D79: 70
B80: Real ZeLo | C80: 3 | D80: 1 | E80: Vojvodka liscia
C81: 74.5 | D81: 66
B82: Zapdoria F.C. | C82: 0 | D82: 2 | E82: ReaL Fantonio
C83: 62.5 | D83: 72
B84: bomberini | C84: 3 | D84: 4 | E84: Ahh poesse
C85: 76.5 | D85: 80
B88: Giornata 3 | E88: Serie A: Giornata7
B89: Ahh poesse | C89: 3 | D89: 1 | E89: PEPE SCANNATU
C90: 74.5 | D90: 67.5
B91: Atletico Viperetta | C91: 1 | D91: 0 | E91: Mestieranti alla Better
C92: 67.5 | D92: 65.5
B93: AvelLino Banfi | C93: 0 | D93: 0 | E93: AC Clitoristo
C94: 62.5 | D94: 65
B95: CamerierCarlo | C95: 0 | D95: 0 | E95: FC Demepoli
C96: 63 | D96: 62.5
B97: Chicago Hasbulls | C97: 1 | D97: 1 | E97: Real ZeLo
C98: 66.5 | D98: 67.5
B99: F.C. Chiappe d ORO | C99: 0 | D99: 0 | E99: Fc Increduli
C100: 63.5 | D100: 57
B101: FC LONGOBARDA | C101: 1 | D101: 0 | E101: Real Lekkoba
C102: 66 | D102: 63.5
B103: FC Polidem | C103: 1 | D103: 0 | E103: Hillboyss
C104: 66.5 | D104: 63
B105: FantAllegri | C105: 0 | D105: 4 | E105: Equitalia SpA
...

Sheet Rose
A1: AvelLino Banfi | E1: Pepinho City | I1: Vojvodka liscia | M1: Real Lekkoba | Q1: PETRUS | U1: AC Nostalgici 1922 | Y1: Chicago Hasbulls | AC1: Bayern Muten | AG1: bomberini | AK1: FC LONGOBARDA | AO1: Sotto per il Coco | AS1: CamerierCarlo | AW1: salumificio cardinali | BA1: Ahh poesse | BE1: Mestieranti alla Better | BI1: Equitalia SpA | BM1: Horto Muso Zorteam | BQ1: AteGamE | BU1: Atletico Viperetta | BY1: FC Demepoli | CC1: Pich Saint Germain | CG1: AC Clitoristo | CK1: SPAL Letta Fc | CO1: PEPE SCANNATU | CS1: FC Arrisse Junior | CW1: Fusbana | DA1: Fc Increduli | DE1: Zapdoria F.C. | DI1: Real ZeLo | DM1: Hillboyss | DQ1: As LucaGorets | DU1: Forche di Roso FC | DY1: TheStars94 | EC1: FC Polidem | EG1: FC Arrisse | EK1: FantAllegri | EO1: F.C. Chiappe d ORO | ES1: NAPA U | EW1: ReaL Fantonio | FA1: Berlusca Dortmund
A2: NOME | B2: SQUADRA | C2: RUOLO | E2: NOME | F2: SQUADRA | G2: RUOLO | I2: NOME | J2: SQUADRA | K2: RUOLO | M2: NOME | N2: SQUADRA | O2: RUOLO | Q2: NOME | R2: SQUADRA | S2: RUOLO | U2: NOME | V2: SQUADRA | W2: RUOLO | Y2: NOME | Z2: SQUADRA | AA2: RUOLO | AC2: NOME | AD2: SQUADRA | AE2: RUOLO | AG2: NOME | AH2: SQUADRA | AI2: RUOLO | AK2: NOME | AL2: SQUADRA | AM2: RUOLO | AO2: NOME | AP2: SQUADRA | AQ2: RUOLO | AS2: NOME | AT2: SQUADRA | AU2: RUOLO | AW2: NOME | AX2: SQUADRA | AY2: RUOLO | BA2: NOME | BB2: SQUADRA | BC2: RUOLO | BE2: NOME | BF2: SQUADRA | BG2: RUOLO | BI2: NOME | BJ2: SQUADRA | BK2: RUOLO | BM2: NOME | BN2: SQUADRA | BO2: RUOLO | BQ2: NOME | BR2: SQUADRA | BS2: RUOLO | BU2: NOME | BV2: SQUADRA | BW2: RUOLO | BY2: NOME | BZ2: SQUADRA | CA2: RUOLO | CC2: NOME | CD2: SQUADRA | CE2: RUOLO | CG2: NOME | CH2: SQUADRA | CI2: RUOLO | CK2: NOME | CL2: SQUADRA | CM2: RUOLO | CO2: NOME | CP2: SQUADRA | CQ2: RUOLO | CS2: NOME | CT2: SQUADRA | CU2: RUOLO | CW2: NOME | CX2: SQUADRA | CY2: RUOLO | DA2: NOME | DB2: SQUADRA | DC2: RUOLO | DE2: NOME | DF2: SQUADRA | DG2: RUOLO | DI2: NOME | DJ2: SQUADRA | DK2: RUOLO | DM2: NOME | DN2: SQUADRA | DO2: RUOLO | DQ2: NOME | DR2: SQUADRA | DS2: RUOLO | DU2: NOME | DV2: SQUADRA | DW2: RUOLO | DY2: NOME | DZ2: SQUADRA | EA2: RUOLO | EC2: NOME | ED2: SQUADRA | EE2: RUOLO | EG2: NOME | EH2: SQUADRA | EI2: RUOLO | EK2: NOME | EL2: SQUADRA | EM2: RUOLO | EO2: NOME | EP2: SQUADRA | EQ2: RUOLO | ES2: NOME | ET2: SQUADRA | EU2: RUOLO | EW2: NOME | EX2: SQUADRA | EY2: RUOLO | FA2: NOME | FB2: SQUADRA | FC2: RUOLO
A3: CARNESECCHI | B3: {=INDIRECT(ADDRESS(MATCH(A3,DATASET!$K:$K,0),12,,,"DATASET"))} -> ATA | C3: {=INDIRECT(ADDRESS(MATCH(A3,DATASET!$K:$K,0),10,,,"DATASET"))} -> Por | E3: GOLLINI | F3: {=INDIRECT(ADDRESS(MATCH(E3,DATASET!$K:$K,0),12,,,"DATASET"))} -> ROM | G3: {=INDIRECT(ADDRESS(MATCH(E3,DATASET!$K:$K,0),10,,,"DATASET"))} -> Por | I3: ISRAEL | J3: {=INDIRECT(ADDRESS(MATCH(I3,DATASET!$K:$K,0),12,,,"DATASET"))} -> TOR | K3: {=INDIRECT(ADDRESS(MATCH(I3,DATASET!$K:$K,0),10,,,"DATASET"))} -> Por | M3: CONTINI | N3: {=INDIRECT(ADDRESS(MATCH(M3,DATASET!$K:$K,0),12,,,"DATASET"))} -> NAP | O3: {=INDIRECT(ADDRESS(MATCH(M3,DATASET!$K:$K,0),10,,,"DATASET"))} -> Por | Q3: DI GREGORIO | R3: {=INDIRECT(ADDRESS(MATCH(Q3,DATASET!$K:$K,0),12,,,"DATASET"))} -> JUV | S3: {=INDIRECT(ADDRESS(MATCH(Q3,DATASET!$K:$K,0),10,,,"DATASET"))} -> Por | U3: BUTEZ | V3: {=INDIRECT(ADDRESS(MATCH(U3,DATASET!$K:$K,0),12,,,"DATASET"))} -> COM | W3: {=INDIRECT(ADDRESS(MATCH(U3,DATASET!$K:$K,0),10,,,"DATASET"))} -> Por | Y3: CAPRILE | Z3: {=INDIRECT(ADDRESS(MATCH(Y3,DATASET!$K:$K,0),12,,,"DATASET"))} -> CAG | AA3: {=INDIRECT(ADDRESS(MATCH(Y3,DATASET!$K:$K,0),10,,,"DATASET"))} -> Por | AC3: MARTINEZ JO. | AD3: {=INDIRECT(ADDRESS(MATCH(AC3,DATASET!$K:$K,0),12,,,"DATASET"))} -> INT | AE3: {=INDIRECT(ADDRESS(MATCH(AC3,DATASET!$K:$K,0),10,,,"DATASET"))} -> Por | AG3: AUDERO | AH3: {=INDIRECT(ADDRESS(MATCH(AG3,DATASET!$K:$K,0),12,,,"DATASET"))} -> CRE | AI3: {=INDIRECT(ADDRESS(MATCH(AG3,DATASET!$K:$K,0),10,,,"DATASET"))} -> Por | AK3: FALCONE | AL3: {=INDIRECT(ADDRESS(MATCH(AK3,DATASET!$K:$K,0),12,,,"DATASET"))} -> LEC | AM3: {=INDIRECT(ADDRESS(MATCH(AK3,DATASET!$K:$K,0),10,,,"DATASET"))} -> Por | AO3: CAPRILE | AP3: {=INDIRECT(ADDRESS(MATCH(AO3,DATASET!$K:$K,0),12,,,"DATASET"))} -> CAG | AQ3: {=INDIRECT(ADDRESS(MATCH(AO3,DATASET!$K:$K,0),10,,,"DATASET"))} -> Por | AS3: CARNESECCHI | AT3: {=INDIRECT(ADDRESS(MATCH(AS3,DATASET!$K:$K,0),12,,,"DATASET"))} -> ATA | AU3: {=INDIRECT(ADDRESS(MATCH(AS3,DATASET!$K:$K,0),10,,,"DATASET"))} -> Por | AW3: LEALI | AX3: {=INDIRECT(ADDRESS(MATCH(AW3,DATASET!$K:$K,0),12,,,"DATASET"))} -> GEN | AY3: {=INDIRECT(ADDRESS(MATCH(AW3,DATASET!$K:$K,0),10,,,"DATASET"))} -> Por | BA3: DE GEA | BB3: {=INDIRECT(ADDRESS(MATCH(BA3,DATASET!$K:$K,0),12,,,"DATASET"))} -> FIO | BC3: {=INDIRECT(ADDRESS(MATCH(BA3,DATASET!$K:$K,0),10,,,"DATASET"))} -> Por | BE3: BUTEZ | BF3: {=INDIRECT(ADDRESS(MATCH(BE3,DATASET!$K:$K,0),12,,,"DATASET"))} -> COM | BG3: {=INDIRECT(ADDRESS(MATCH(BE3,DATASET!$K:$K,0),10,,,"DATASET"))} -> Por | BI3: MARTINEZ JO. | BJ3: {=INDIRECT(ADDRESS(MATCH(BI3,DATASET!$K:$K,0),12,,,"DATASET"))} -> INT | BK3: {=INDIRECT(ADDRESS(MATCH(BI3,DATASET!$K:$K,0),10,,,"DATASET"))} -> Por | BM3: MERET | BN3: {=INDIRECT(ADDRESS(MATCH(BM3,DATASET!$K:$K,0),12,,,"DATASET"))} -> NAP | BO3: {=INDIRECT(ADDRESS(MATCH(BM3,DATASET!$K:$K,0),10,,,"DATASET"))} -> Por | BQ3: ISRAEL | BR3: {=INDIRECT(ADDRESS(MATCH(BQ3,DATASET!$K:$K,0),12,,,"DATASET"))} -> TOR | BS3: {=INDIRECT(ADDRESS(MATCH(BQ3,DATASET!$K:$K,0),10,,,"DATASET"))} -> Por | BU3: AUDERO | BV3: {=INDIRECT(ADDRESS(MATCH(BU3,DATASET!$K:$K,0),12,,,"DATASET"))} -> CRE | BW3: {=INDIRECT(ADDRESS(MATCH(BU3,DATASET!$K:$K,0),10,,,"DATASET"))} -> Por | BY3: SVILAR | BZ3: {=INDIRECT(ADDRESS(MATCH(BY3,DATASET!$K:$K,0),12,,,"DATASET"))} -> ROM | CA3: {=INDIRECT(ADDRESS(MATCH(BY3,DATASET!$K:$K,0),10,,,"DATASET"))} -> Por | CC3: MAIGNAN | CD3: {=INDIRECT(ADDRESS(MATCH(CC3,DATASET!$K:$K,0),12,,,"DATASET"))} -> MIL | CE3: {=INDIRECT(ADDRESS(MATCH(CC3,DATASET!$K:$K,0),10,,,"DATASET"))} -> Por | CG3: GOLLINI | CH3: {=INDIRECT(ADDRESS(MATCH(CG3,DATASET!$K:$K,0),12,,,"DATASET"))} -> ROM | CI3: {=INDIRECT(ADDRESS(MATCH(CG3,DATASET!$K:$K,0),10,,,"DATASET"))} -> Por | CK3: DI GENNARO | CL3: {=INDIRECT(ADDRESS(MATCH(CK3,DATASET!$K:$K,0),12,,,"DATASET"))} -> INT | CM3: {=INDIRECT(ADDRESS(MATCH(CK3,DATASET!$K:$K,0),10,,,"DATASET"))} -> Por | CO3: FALCONE | CP3: {=INDIRECT(ADDRESS(MATCH(CO3,DATASET!$K:$K,0),12,,,"DATASET"))} -> LEC | CQ3: {=INDIRECT(ADDRESS(MATCH(CO3,DATASET!$K:$K,0),10,,,"DATASET"))} -> Por | CS3: FURLANETTO | CT3: {=INDIRECT(ADDRESS(MATCH(CS3,DATASET!$K:$K,0),12,,,"DATASET"))} -> LAZ | CU3: {=INDIRECT(ADDRESS(MATCH(CS3,DATASET!$K:$K,0),10,,,"DATASET"))} -> Por | CW3: AUDERO | CX3: {=INDIRECT(ADDRESS(MATCH(CW3,DATASET!$K:$K,0),12,,,"DATASET"))} -> CRE | CY3: {=INDIRECT(ADDRESS(MATCH(CW3,DATASET!$K:$K,0),10,,,"DATASET"))} -> Por | DA3: BUTEZ | DB3: {=INDIRECT(ADDRESS(MATCH(DA3,DATASET!$K:$K,0),12,,,"DATASET"))} -> COM | DC3: {=INDIRECT(ADDRESS(MATCH(DA3,DATASET!$K:$K,0),10,,,"DATASET"))} -> Por | DE3: MERET | DF3: {=INDIRECT(ADDRESS(MATCH(DE3,DATASET!$K:$K,0),12,,,"DATASET"))} -> NAP | DG3: {=INDIRECT(ADDRESS(MATCH(DE3,DATASET!$K:$K,0),10,,,"DATASET"))} -> Por | DI3: CAPRILE | DJ3: {=INDIRECT(ADDRESS(MATCH(DI3,DATASET!$K:$K,0),12,,,"DATASET"))} -> CAG | DK3: {=INDIRECT(ADDRESS(MATCH(DI3,DATASET!$K:$K,0),10,,,"DATASET"))} -> Por | DM3: CONTINI | DN3: {=INDIRECT(ADDRESS(MATCH(DM3,DATASET!$K:$K,0),12,,,"DATASET"))} -> NAP | DO3: {=INDIRECT(ADDRESS(MATCH(DM3,DATASET!$K:$K,0),10,,,"DATASET"))} -> Por | DQ3: AUDERO | DR3: {=INDIRECT(ADDRESS(MATCH(DQ3,DATASET!$K:$K,0),12,,,"DATASET"))} -> CRE | DS3: {=INDIRECT(ADDRESS(MATCH(DQ3,DATASET!$K:$K,0),10,,,"DATASET"))} -> Por | DU3: BUTEZ | DV3: {=INDIRECT(ADDRESS(MATCH(DU3,DATASET!$K:$K,0),12,,,"DATASET"))} -> COM | DW3: {=INDIRECT(ADDRESS(MATCH(DU3,DATASET!$K:$K,0),10,,,"DATASET"))} -> Por | DY3: CARNESECCHI | DZ3: {=INDIRECT(ADDRESS(MATCH(DY3,DATASET!$K:$K,0),12,,,"DATASET"))} -> ATA | EA3: {=INDIRECT(ADDRESS(MATCH(DY3,DATASET!$K:$K,0),10,,,"DATASET"))} -> Por | EC3: DI GENNARO | ED3: {=INDIRECT(ADDRESS(MATCH(EC3,DATASET!$K:$K,0),12,,,"DATASET"))} -> INT | EE3: {=INDIRECT(ADDRESS(MATCH(EC3,DATASET!$K:$K,0),10,,,"DATASET"))} -> Por | EG3: MANDAS | EH3: {=INDIRECT(ADDRESS(MATCH(EG3,DATASET!$K:$K,0),12,,,"DATASET"))} -> LAZ | EI3: {=INDIRECT(ADDRESS(MATCH(EG3,DATASET!$K:$K,0),10,,,"DATASET"))} -> Por | EK3: DI GREGORIO | EL3: {=INDIRECT(ADDRESS(MATCH(EK3,DATASET!$K:$K,0),12,,,"DATASET"))} -> JUV | EM3: {=INDIRECT(ADDRESS(MATCH(EK3,DATASET!$K:$K,0),10,,,"DATASET"))} -> Por | EO3: CAPRILE | EP3: {=INDIRECT(ADDRESS(MATCH(EO3,DATASET!$K:$K,0),12,,,"DATASET"))} -> CAG | EQ3: {=INDIRECT(ADDRESS(MATCH(EO3,DATASET!$K:$K,0),10,,,"DATASET"))} -> Por | ES3: LEALI | ET3: {=INDIRECT(ADDRESS(MATCH(ES3,DATASET!$K:$K,0),12,,,"DATASET"))} -> GEN | EU3: {=INDIRECT(ADDRESS(MATCH(ES3,DATASET!$K:$K,0),10,,,"DATASET"))} -> Por | EW3: MAIGNAN | EX3: {=INDIRECT(ADDRESS(MATCH(EW3,DATASET!$K:$K,0),12,,,"DATASET"))} -> MIL | EY3: {=INDIRECT(ADDRESS(MATCH(EW3,DATASET!$K:$K,0),10,,,"DATASET"))} -> Por | FA3: MONTIPÒ | FB3: {=INDIRECT(ADDRESS(MATCH(FA3,DATASET!$K:$K,0),12,,,"DATASET"))} -> VER | FC3: {=INDIRECT(ADDRESS(MATCH(FA3,DATASET!$K:$K,0),10,,,"DATASET"))} -> Por
A4: SEMPER | B4: {=INDIRECT(ADDRESS(MATCH(A4,DATASET!$K:$K,0),12,,,"DATASET"))} -> PIS | C4: {=INDIRECT(ADDRESS(MATCH(A4,DATASET!$K:$K,0),10,,,"DATASET"))} -> Por | E4: SVILAR | F4: {=INDIRECT(ADDRESS(MATCH(E4,DATASET!$K:$K,0),12,,,"DATASET"))} -> ROM | G4: {=INDIRECT(ADDRESS(MATCH(E4,DATASET!$K:$K,0),10,,,"DATASET"))} -> Por | I4: MAIGNAN | J4: {=INDIRECT(ADDRESS(MATCH(I4,DATASET!$K:$K,0),12,,,"DATASET"))} -> MIL | K4: {=INDIRECT(ADDRESS(MATCH(I4,DATASET!$K:$K,0),10,,,"DATASET"))} -> Por | M4: MERET | N4: {=INDIRECT(ADDRESS(MATCH(M4,DATASET!$K:$K,0),12,,,"DATASET"))} -> NAP | O4: {=INDIRECT(ADDRESS(MATCH(M4,DATASET!$K:$K,0),10,,,"DATASET"))} -> Por | Q4: PERIN | R4: {=INDIRECT(ADDRESS(MATCH(Q4,DATASET!$K:$K,0),12,,,"DATASET"))} -> JUV | S4: {=INDIRECT(ADDRESS(MATCH(Q4,DATASET!$K:$K,0),10,,,"DATASET"))} -> Por | U4: LEALI | V4: {=INDIRECT(ADDRESS(MATCH(U4,DATASET!$K:$K,0),12,,,"DATASET"))} -> GEN | W4: {=INDIRECT(ADDRESS(MATCH(U4,DATASET!$K:$K,0),10,,,"DATASET"))} -> Por | Y4: DE GEA | Z4: {=INDIRECT(ADDRESS(MATCH(Y4,DATASET!$K:$K,0),12,,,"DATASET"))} -> FIO | AA4: {=INDIRECT(ADDRESS(MATCH(Y4,DATASET!$K:$K,0),10,,,"DATASET"))} -> Por | AC4: MURIC | AD4: {=INDIRECT(ADDRESS(MATCH(AC4,DATASET!$K:$K,0),12,,,"DATASET"))} -> SAS | AE4: {=INDIRECT(ADDRESS(MATCH(AC4,DATASET!$K:$K,0),10,,,"DATASET"))} -> Por | AG4: MANDAS | AH4: {=INDIRECT(ADDRESS(MATCH(AG4,DATASET!$K:$K,0),12,,,"DATASET"))} -> LAZ | AI4: {=INDIRECT(ADDRESS(MATCH(AG4,DATASET!$K:$K,0),10,,,"DATASET"))} -> Por | AK4: MONTIPÒ | AL4: {=INDIRECT(ADDRESS(MATCH(AK4,DATASET!$K:$K,0),12,,,"DATASET"))} -> VER | AM4: {=INDIRECT(ADDRESS(MATCH(AK4,DATASET!$K:$K,0),10,,,"DATASET"))} -> Por | AO4: MARTINEZ JO. | AP4: {=INDIRECT(ADDRESS(MATCH(AO4,DATASET!$K:$K,0),12,,,"DATASET"))} -> INT | AQ4: {=INDIRECT(ADDRESS(MATCH(AO4,DATASET!$K:$K,0),10,,,"DATASET"))} -> Por | AS4: OKOYE | AT4: {=INDIRECT(ADDRESS(MATCH(AS4,DATASET!$K:$K,0),12,,,"DATASET"))} -> UDI | AU4: {=INDIRECT(ADDRESS(MATCH(AS4,DATASET!$K:$K,0),10,,,"DATASET"))} -> Por | AW4: MANDAS | AX4: {=INDIRECT(ADDRESS(MATCH(AW4,DATASET!$K:$K,0),12,,,"DATASET"))} -> LAZ | AY4: {=INDIRECT(ADDRESS(MATCH(AW4,DATASET!$K:$K,0),10,,,"DATASET"))} -> Por | BA4: LEZZERINI | BB4: {=INDIRECT(ADDRESS(MATCH(BA4,DATASET!$K:$K,0),12,,,"DATASET"))} -> FIO | BC4: {=INDIRECT(ADDRESS(MATCH(BA4,DATASET!$K:$K,0),10,,,"DATASET"))} -> Por | BE4: DI GREGORIO | BF4: {=INDIRECT(ADDRESS(MATCH(BE4,DATASET!$K:$K,0),12,,,"DATASET"))} -> JUV | BG4: {=INDIRECT(ADDRESS(MATCH(BE4,DATASET!$K:$K,0),10,,,"DATASET"))} -> Por | BI4: MONTIPÒ | BJ4: {=INDIRECT(ADDRESS(MATCH(BI4,DATASET!$K:$K,0),12,,,"DATASET"))} -> VER | BK4: {=INDIRECT(ADDRESS(MATCH(BI4,DATASET!$K:$K,0),10,,,"DATASET"))} -> Por | BM4: MILINKOVIC-SAVIC V. | BN4: {=INDIRECT(ADDRESS(MATCH(BM4,DATASET!$K:$K,0),12,,,"DATASET"))} -> NAP | BO4: {=INDIRECT(ADDRESS(MATCH(BM4,DATASET!$K:$K,0),10,,,"DATASET"))} -> Por | BQ4: SEMPER | BR4: {=INDIRECT(ADDRESS(MATCH(BQ4,DATASET!$K:$K,0),12,,,"DATASET"))} -> PIS | BS4: {=INDIRECT(ADDRESS(MATCH(BQ4,DATASET!$K:$K,0),10,,,"DATASET"))} -> Por | BU4: MAIGNAN | BV4: {=INDIRECT(ADDRESS(MATCH(BU4,DATASET!$K:$K,0),12,,,"DATASET"))} -> MIL | BW4: {=INDIRECT(ADDRESS(MATCH(BU4,DATASET!$K:$K,0),10,,,"DATASET"))} -> Por | BY4: VASQUEZ D. | BZ4: {=INDIRECT(ADDRESS(MATCH(BY4,DATASET!$K:$K,0),12,,,"DATASET"))} -> ROM | CA4: {=INDIRECT(ADDRESS(MATCH(BY4,DATASET!$K:$K,0),10,,,"DATASET"))} -> Por | CC4: TERRACCIANO | CD4: {=INDIRECT(ADDRESS(MATCH(CC4,DATASET!$K:$K,0),12,,,"DATASET"))} -> MIL | CE4: {=INDIRECT(ADDRESS(MATCH(CC4,DATASET!$K:$K,0),10,,,"DATASET"))} -> Por | CG4: SVILAR | CH4: {=INDIRECT(ADDRESS(MATCH(CG4,DATASET!$K:$K,0),12,,,"DATASET"))} -> ROM | CI4: {=INDIRECT(ADDRESS(MATCH(CG4,DATASET!$K:$K,0),10,,,"DATASET"))} -> Por | CK4: MARTINEZ JO. | CL4: {=INDIRECT(ADDRESS(MATCH(CK4,DATASET!$K:$K,0),12,,,"DATASET"))} -> INT | CM4: {=INDIRECT(ADDRESS(MATCH(CK4,DATASET!$K:$K,0),10,,,"DATASET"))} -> Por | CO4: ISRAEL | CP4: {=INDIRECT(ADDRESS(MATCH(CO4,DATASET!$K:$K,0),12,,,"DATASET"))} -> TOR | CQ4: {=INDIRECT(ADDRESS(MATCH(CO4,DATASET!$K:$K,0),10,,,"DATASET"))} -> Por | CS4: MANDAS | CT4: {=INDIRECT(ADDRESS(MATCH(CS4,DATASET!$K:$K,0),12,,,"DATASET"))} -> LAZ | CU4: {=INDIRECT(ADDRESS(MATCH(CS4,DATASET!$K:$K,0),10,,,"DATASET"))} -> Por | CW4: DE GEA | CX4: {=INDIRECT(ADDRESS(MATCH(CW4,DATASET!$K:$K,0),12,,,"DATASET"))} -> FIO | CY4: {=INDIRECT(ADDRESS(MATCH(CW4,DATASET!$K:$K,0),10,,,"DATASET"))} -> Por | DA4: RAVAGLIA F. | DB4: {=INDIRECT(ADDRESS(MATCH(DA4,DATASET!$K:$K,0),12,,,"DATASET"))} -> BOL | DC4: {=INDIRECT(ADDRESS(MATCH(DA4,DATASET!$K:$K,0),10,,,"DATASET"))} -> Por | DE4: MILINKOVIC-SAVIC V. | DF4: {=INDIRECT(ADDRESS(MATCH(DE4,DATASET!$K:$K,0),12,,,"DATASET"))} -> NAP | DG4: {=INDIRECT(ADDRESS(MATCH(DE4,DATASET!$K:$K,0),10,,,"DATASET"))} -> Por | DI4: DI GREGORIO | DJ4: {=INDIRECT(ADDRESS(MATCH(DI4,DATASET!$K:$K,0),12,,,"DATASET"))} -> JUV | DK4: {=INDIRECT(ADDRESS(MATCH(DI4,DATASET!$K:$K,0),10,,,"DATASET"))} -> Por | DM4: MERET | DN4: {=INDIRECT(ADDRESS(MATCH(DM4,DATASET!$K:$K,0),12,,,"DATASET"))} -> NAP | DO4: {=INDIRECT(ADDRESS(MATCH(DM4,DATASET!$K:$K,0),10,,,"DATASET"))} -> Por | DQ4: DE GEA | DR4: {=INDIRECT(ADDRESS(MATCH(DQ4,DATASET!$K:$K,0),12,,,"DATASET"))} -> FIO | DS4: {=INDIRECT(ADDRESS(MATCH(DQ4,DATASET!$K:$K,0),10,,,"DATASET"))} -> Por | DU4: FALCONE | DV4: {=INDIRECT(ADDRESS(MATCH(DU4,DATASET!$K:$K,0),12,,,"DATASET"))} -> LEC | DW4: {=INDIRECT(ADDRESS(MATCH(DU4,DATASET!$K:$K,0),10,,,"DATASET"))} -> Por | DY4: ROSSI F. | DZ4: {=INDIRECT(ADDRESS(MATCH(DY4,DATASET!$K:$K,0),12,,,"DATASET"))} -> ATA | EA4: {=INDIRECT(ADDRESS(MATCH(DY4,DATASET!$K:$K,0),10,,,"DATASET"))} -> Por | EC4: MARTINEZ JO. | ED4: {=INDIRECT(ADDRESS(MATCH(EC4,DATASET!$K:$K,0),12,,,"DATASET"))} -> INT | EE4: {=INDIRECT(ADDRESS(MATCH(EC4,DATASET!$K:$K,0),10,,,"DATASET"))} -> Por | EG4: RAVAGLIA F. | EH4: {=INDIRECT(ADDRESS(MATCH(EG4,DATASET!$K:$K,0),12,,,"DATASET"))} -> BOL | EI4: {=INDIRECT(ADDRESS(MATCH(EG4,DATASET!$K:$K,0),10,,,"DATASET"))} -> Por | EK4: PERIN | EL4: {=INDIRECT(ADDRESS(MATCH(EK4,DATASET!$K:$K,0),12,,,"DATASET"))} -> JUV | EM4: {=INDIRECT(ADDRESS(MATCH(EK4,DATASET!$K:$K,0),10,,,"DATASET"))} -> Por | EO4: SVILAR | EP4: {=INDIRECT(ADDRESS(MATCH(EO4,DATASET!$K:$K,0),12,,,"DATASET"))} -> ROM | EQ4: {=INDIRECT(ADDRESS(MATCH(EO4,DATASET!$K:$K,0),10,,,"DATASET"))} -> Por | ES4: MERET | ET4: {=INDIRECT(ADDRESS(MATCH(ES4,DATASET!$K:$K,0),12,,,"DATASET"))} -> NAP | EU4: {=INDIRECT(ADDRESS(MATCH(ES4,DATASET!$K:$K,0),10,,,"DATASET"))} -> Por | EW4: TERRACCIANO | EX4: {=INDIRECT(ADDRESS(MATCH(EW4,DATASET!$K:$K,0),12,,,"DATASET"))} -> MIL | EY4: {=INDIRECT(ADDRESS(MATCH(EW4,DATASET!$K:$K,0),10,,,"DATASET"))} -> Por | FA4: PROVEDEL | FB4: {=INDIRECT(ADDRESS(MATCH(FA4,DATASET!$K:$K,0),12,,,"DATASET"))} -> LAZ | FC4: {=INDIRECT(ADDRESS(MATCH(FA4,DATASET!$K:$K,0),10,,,"DATASET"))} -> Por
A5: SPORTIELLO | B5: {=INDIRECT(ADDRESS(MATCH(A5,DATASET!$K:$K,0),12,,,"DATASET"))} -> ATA | C5: {=INDIRECT(ADDRESS(MATCH(A5,DATASET!$K:$K,0),10,,,"DATASET"))} -> Por | E5: VASQUEZ D. | F5: {=INDIRECT(ADDRESS(MATCH(E5,DATASET!$K:$K,0),12,,,"DATASET"))} -> ROM | G5: {=INDIRECT(ADDRESS(MATCH(E5,DATASET!$K:$K,0),10,,,"DATASET"))} -> Por | I5: TERRACCIANO | J5: {=INDIRECT(ADDRESS(MATCH(I5,DATASET!$K:$K,0),12,,,"DATASET"))} -> MIL | K5: {=INDIRECT(ADDRESS(MATCH(I5,DATASET!$K:$K,0),10,,,"DATASET"))} -> Por | M5: MILINKOVIC-SAVIC V. | N5: {=INDIRECT(ADDRESS(MATCH(M5,DATASET!$K:$K,0),12,,,"DATASET"))} -> NAP | O5: {=INDIRECT(ADDRESS(MATCH(M5,DATASET!$K:$K,0),10,,,"DATASET"))} -> Por | Q5: PINSOGLIO | R5: {=INDIRECT(ADDRESS(MATCH(Q5,DATASET!$K:$K,0),12,,,"DATASET"))} -> JUV | S5: {=INDIRECT(ADDRESS(MATCH(Q5,DATASET!$K:$K,0),10,,,"DATASET"))} -> Por | U5: SKORUPSKI | V5: {=INDIRECT(ADDRESS(MATCH(U5,DATASET!$K:$K,0),12,,,"DATASET"))} -> BOL | W5: {=INDIRECT(ADDRESS(MATCH(U5,DATASET!$K:$K,0),10,,,"DATASET"))} -> Por | Y5: MARTINELLI T. | Z5: {=INDIRECT(ADDRESS(MATCH(Y5,DATASET!$K:$K,0),12,,,"DATASET"))} -> FIO | AA5: {=INDIRECT(ADDRESS(MATCH(Y5,DATASET!$K:$K,0),10,,,"DATASET"))} -> Por | AC5: SOMMER | AD5: {=INDIRECT(ADDRESS(MATCH(AC5,DATASET!$K:$K,0),12,,,"DATASET"))} -> INT | AE5: {=INDIRECT(ADDRESS(MATCH(AC5,DATASET!$K:$K,0),10,,,"DATASET"))} -> Por | AG5: PROVEDEL | AH5: {=INDIRECT(ADDRESS(MATCH(AG5,DATASET!$K:$K,0),12,,,"DATASET"))} -> LAZ | AI5: {=INDIRECT(ADDRESS(MATCH(AG5,DATASET!$K:$K,0),10,,,"DATASET"))} -> Por | AK5: SUZUKI | AL5: {=INDIRECT(ADDRESS(MATCH(AK5,DATASET!$K:$K,0),12,,,"DATASET"))} -> PAR | AM5: {=INDIRECT(ADDRESS(MATCH(AK5,DATASET!$K:$K,0),10,,,"DATASET"))} -> Por | AO5: SUZUKI | AP5: {=INDIRECT(ADDRESS(MATCH(AO5,DATASET!$K:$K,0),12,,,"DATASET"))} -> PAR | AQ5: {=INDIRECT(ADDRESS(MATCH(AO5,DATASET!$K:$K,0),10,,,"DATASET"))} -> Por | AS5: SPORTIELLO | AT5: {=INDIRECT(ADDRESS(MATCH(AS5,DATASET!$K:$K,0),12,,,"DATASET"))} -> ATA | AU5: {=INDIRECT(ADDRESS(MATCH(AS5,DATASET!$K:$K,0),10,,,"DATASET"))} -> Por | AW5: PROVEDEL | AX5: {=INDIRECT(ADDRESS(MATCH(AW5,DATASET!$K:$K,0),12,,,"DATASET"))} -> LAZ | AY5: {=INDIRECT(ADDRESS(MATCH(AW5,DATASET!$K:$K,0),10,,,"DATASET"))} -> Por | BA5: MARTINELLI T. | BB5: {=INDIRECT(ADDRESS(MATCH(BA5,DATASET!$K:$K,0),12,,,"DATASET"))} -> FIO | BC5: {=INDIRECT(ADDRESS(MATCH(BA5,DATASET!$K:$K,0),10,,,"DATASET"))} -> Por | BE5: PERIN | BF5: {=INDIRECT(ADDRESS(MATCH(BE5,DATASET!$K:$K,0),12,,,"DATASET"))} -> JUV | BG5: {=INDIRECT(ADDRESS(MATCH(BE5,DATASET!$K:$K,0),10,,,"DATASET"))} -> Por | BI5: SOMMER | BJ5: {=INDIRECT(ADDRESS(MATCH(BI5,DATASET!$K:$K,0),12,,,"DATASET"))} -> INT | BK5: {=INDIRECT(ADDRESS(MATCH(BI5,DATASET!$K:$K,0),10,,,"DATASET"))} -> Por | BM5: SKORUPSKI | BN5: {=INDIRECT(ADDRESS(MATCH(BM5,DATASET!$K:$K,0),12,,,"DATASET"))} -> BOL | BO5: {=INDIRECT(ADDRESS(MATCH(BM5,DATASET!$K:$K,0),10,,,"DATASET"))} -> Por | BQ5: TURATI | BR5: {=INDIRECT(ADDRESS(MATCH(BQ5,DATASET!$K:$K,0),12,,,"DATASET"))} -> SAS | BS5: {=INDIRECT(ADDRESS(MATCH(BQ5,DATASET!$K:$K,0),10,,,"DATASET"))} -> Por | BU5: TERRACCIANO | BV5: {=INDIRECT(ADDRESS(MATCH(BU5,DATASET!$K:$K,0),12,,,"DATASET"))} -> MIL | BW5: {=INDIRECT(ADDRESS(MATCH(BU5,DATASET!$K:$K,0),10,,,"DATASET"))} -> Por | BY5: ZELEZNY | BZ5: {=INDIRECT(ADDRESS(MATCH(BY5,DATASET!$K:$K,0),12,,,"DATASET"))} -> ROM | CA5: {=INDIRECT(ADDRESS(MATCH(BY5,DATASET!$K:$K,0),10,,,"DATASET"))} -> Por | CC5: TORRIANI | CD5: {=INDIRECT(ADDRESS(MATCH(CC5,DATASET!$K:$K,0),12,,,"DATASET"))} -> MIL | CE5: {=INDIRECT(ADDRESS(MATCH(CC5,DATASET!$K:$K,0),10,,,"DATASET"))} -> Por | CG5: VASQUEZ D. | CH5: {=INDIRECT(ADDRESS(MATCH(CG5,DATASET!$K:$K,0),12,,,"DATASET"))} -> ROM | CI5: {=INDIRECT(ADDRESS(MATCH(CG5,DATASET!$K:$K,0),10,,,"DATASET"))} -> Por | CK5: SOMMER | CL5: {=INDIRECT(ADDRESS(MATCH(CK5,DATASET!$K:$K,0),12,,,"DATASET"))} -> INT | CM5: {=INDIRECT(ADDRESS(MATCH(CK5,DATASET!$K:$K,0),10,,,"DATASET"))} -> Por | CO5: LEALI | CP5: {=INDIRECT(ADDRESS(MATCH(CO5,DATASET!$K:$K,0),12,,,"DATASET"))} -> GEN | CQ5: {=INDIRECT(ADDRESS(MATCH(CO5,DATASET!$K:$K,0),10,,,"DATASET"))} -> Por | CS5: PROVEDEL | CT5: {=INDIRECT(ADDRESS(MATCH(CS5,DATASET!$K:$K,0),12,,,"DATASET"))} -> LAZ | CU5: {=INDIRECT(ADDRESS(MATCH(CS5,DATASET!$K:$K,0),10,,,"DATASET"))} -> Por | CW5: SUZUKI | CX5: {=INDIRECT(ADDRESS(MATCH(CW5,DATASET!$K:$K,0),12,,,"DATASET"))} -> PAR | CY5: {=INDIRECT(ADDRESS(MATCH(CW5,DATASET!$K:$K,0),10,,,"DATASET"))} -> Por | DA5: SKORUPSKI | DB5: {=INDIRECT(ADDRESS(MATCH(DA5,DATASET!$K:$K,0),12,,,"DATASET"))} -> BOL | DC5: {=INDIRECT(ADDRESS(MATCH(DA5,DATASET!$K:$K,0),10,,,"DATASET"))} -> Por | DE5: SKORUPSKI | DF5: {=INDIRECT(ADDRESS(MATCH(DE5,DATASET!$K:$K,0),12,,,"DATASET"))} -> BOL | DG5: {=INDIRECT(ADDRESS(MATCH(DE5,DATASET!$K:$K,0),10,,,"DATASET"))} -> Por | DI5: PERIN | DJ5: {=INDIRECT(ADDRESS(MATCH(DI5,DATASET!$K:$K,0),12,,,"DATASET"))} -> JUV | DK5: {=INDIRECT(ADDRESS(MATCH(DI5,DATASET!$K:$K,0),10,,,"DATASET"))} -> Por | DM5: MILINKOVIC-SAVIC V. | DN5: {=INDIRECT(ADDRESS(MATCH(DM5,DATASET!$K:$K,0),12,,,"DATASET"))} -> NAP | DO5: {=INDIRECT(ADDRESS(MATCH(DM5,DATASET!$K:$K,0),10,,,"DATASET"))} -> Por | DQ5: LEZZERINI | DR5: {=INDIRECT(ADDRESS(MATCH(DQ5,DATASET!$K:$K,0),12,,,"DATASET"))} -> FIO | DS5: {=INDIRECT(ADDRESS(MATCH(DQ5,DATASET!$K:$K,0),10,,,"DATASET"))} -> Por | DU5: ISRAEL | DV5: {=INDIRECT(ADDRESS(MATCH(DU5,DATASET!$K:$K,0),12,,,"DATASET"))} -> TOR | DW5: {=INDIRECT(ADDRESS(MATCH(DU5,DATASET!$K:$K,0),10,,,"DATASET"))} -> Por | DY5: SPORTIELLO | DZ5: {=INDIRECT(ADDRESS(MATCH(DY5,DATASET!$K:$K,0),12,,,"DATASET"))} -> ATA | EA5: {=INDIRECT(ADDRESS(MATCH(DY5,DATASET!$K:$K,0),10,,,"DATASET"))} -> Por | EC5: SOMMER | ED5: {=INDIRECT(ADDRESS(MATCH(EC5,DATASET!$K:$K,0),12,,,"DATASET"))} -> INT | EE5: {=INDIRECT(ADDRESS(MATCH(EC5,DATASET!$K:$K,0),10,,,"DATASET"))} -> Por | EG5: SKORUPSKI | EH5: {=INDIRECT(ADDRESS(MATCH(EG5,DATASET!$K:$K,0),12,,,"DATASET"))} -> BOL | EI5: {=INDIRECT(ADDRESS(MATCH(EG5,DATASET!$K:$K,0),10,,,"DATASET"))} -> Por | EK5: PINSOGLIO | EL5: {=INDIRECT(ADDRESS(MATCH(EK5,DATASET!$K:$K,0),12,,,"DATASET"))} -> JUV | EM5: {=INDIRECT(ADDRESS(MATCH(EK5,DATASET!$K:$K,0),10,,,"DATASET"))} -> Por | EO5: VASQUEZ D. | EP5: {=INDIRECT(ADDRESS(MATCH(EO5,DATASET!$K:$K,0),12,,,"DATASET"))} -> ROM | EQ5: {=INDIRECT(ADDRESS(MATCH(EO5,DATASET!$K:$K,0),10,,,"DATASET"))} -> Por | ES5: MILINKOVIC-SAVIC V. | ET5: {=INDIRECT(ADDRESS(MATCH(ES5,DATASET!$K:$K,0),12,,,"DATASET"))} -> NAP | EU5: {=INDIRECT(ADDRESS(MATCH(ES5,DATASET!$K:$K,0),10,,,"DATASET"))} -> Por | EW5: TORRIANI | EX5: {=INDIRECT(ADDRESS(MATCH(EW5,DATASET!$K:$K,0),12,,,"DATASET"))} -> MIL | EY5: {=INDIRECT(ADDRESS(MATCH(EW5,DATASET!$K:$K,0),10,,,"DATASET"))} -> Por | FA5: SUZUKI | FB5: {=INDIRECT(ADDRESS(MATCH(FA5,DATASET!$K:$K,0),12,,,"DATASET"))} -> PAR | FC5: {=INDIRECT(ADDRESS(MATCH(FA5,DATASET!$K:$K,0),10,,,"DATASET"))} -> Por
A6: CANDÈ | B6: {=INDIRECT(ADDRESS(MATCH(A6,DATASET!$K:$K,0),12,,,"DATASET"))} -> SAS | C6: {=INDIRECT(ADDRESS(MATCH(A6,DATASET!$K:$K,0),10,,,"DATASET"))} -> Dc, Ds | E6: CANESTRELLI | F6: {=INDIRECT(ADDRESS(MATCH(E6,DATASET!$K:$K,0),12,,,"DATASET"))} -> PIS | G6: {=INDIRECT(ADDRESS(MATCH(E6,DATASET!$K:$K,0),10,,,"DATASET"))} -> Dc | I6: BISSECK | J6: {=INDIRECT(ADDRESS(MATCH(I6,DATASET!$K:$K,0),12,,,"DATASET"))} -> INT | K6: {=INDIRECT(ADDRESS(MATCH(I6,DATASET!$K:$K,0),10,,,"DATASET"))} -> Dc | M6: ACERBI | N6: {=INDIRECT(ADDRESS(MATCH(M6,DATASET!$K:$K,0),12,,,"DATASET"))} -> INT | O6: {=INDIRECT(ADDRESS(MATCH(M6,DATASET!$K:$K,0),10,,,"DATASET"))} -> Dc | Q6: BERTOLA | R6: {=INDIRECT(ADDRESS(MATCH(Q6,DATASET!$K:$K,0),12,,,"DATASET"))} -> UDI | S6: {=INDIRECT(ADDRESS(MATCH(Q6,DATASET!$K:$K,0),10,,,"DATASET"))} -> Dc | U6: AKANJI | V6: {=INDIRECT(ADDRESS(MATCH(U6,DATASET!$K:$K,0),12,,,"DATASET"))} -> INT | W6: {=INDIRECT(ADDRESS(MATCH(U6,DATASET!$K:$K,0),10,,,"DATASET"))} -> Dc | Y6: BEUKEMA | Z6: {=INDIRECT(ADDRESS(MATCH(Y6,DATASET!$K:$K,0),12,,,"DATASET"))} -> NAP | AA6: {=INDIRECT(ADDRESS(MATCH(Y6,DATASET!$K:$K,0),10,,,"DATASET"))} -> Dc | AC6: BASCHIROTTO | AD6: {=INDIRECT(ADDRESS(MATCH(AC6,DATASET!$K:$K,0),12,,,"DATASET"))} -> CRE | AE6: {=INDIRECT(ADDRESS(MATCH(AC6,DATASET!$K:$K,0),10,,,"DATASET"))} -> Dc | AG6: DE WINTER | AH6: {=INDIRECT(ADDRESS(MATCH(AG6,DATASET!$K:$K,0),12,,,"DATASET"))} -> MIL | AI6: {=INDIRECT(ADDRESS(MATCH(AG6,DATASET!$K:$K,0),10,,,"DATASET"))} -> Dc, Dd | AK6: COMUZZO | AL6: {=INDIRECT(ADDRESS(MATCH(AK6,DATASET!$K:$K,0),12,,,"DATASET"))} -> FIO | AM6: {=INDIRECT(ADDRESS(MATCH(AK6,DATASET!$K:$K,0),10,,,"DATASET"))} -> Dc | AO6: ACERBI | AP6: {=INDIRECT(ADDRESS(MATCH(AO6,DATASET!$K:$K,0),12,,,"DATASET"))} -> INT | AQ6: {=INDIRECT(ADDRESS(MATCH(AO6,DATASET!$K:$K,0),10,,,"DATASET"))} -> Dc | AS6: KALULU | AT6: {=INDIRECT(ADDRESS(MATCH(AS6,DATASET!$K:$K,0),12,,,"DATASET"))} -> JUV | AU6: {=INDIRECT(ADDRESS(MATCH(AS6,DATASET!$K:$K,0),10,,,"DATASET"))} -> Dc, Dd | AW6: GASPAR K. | AX6: {=INDIRECT(ADDRESS(MATCH(AW6,DATASET!$K:$K,0),12,,,"DATASET"))} -> LEC | AY6: {=INDIRECT(ADDRESS(MATCH(AW6,DATASET!$K:$K,0),10,,,"DATASET"))} -> Dc | BA6: BASCHIROTTO | BB6: {=INDIRECT(ADDRESS(MATCH(BA6,DATASET!$K:$K,0),12,,,"DATASET"))} -> CRE | BC6: {=INDIRECT(ADDRESS(MATCH(BA6,DATASET!$K:$K,0),10,,,"DATASET"))} -> Dc | BE6: BASTONI | BF6: {=INDIRECT(ADDRESS(MATCH(BE6,DATASET!$K:$K,0),12,,,"DATASET"))} -> INT | BG6: {=INDIRECT(ADDRESS(MATCH(BE6,DATASET!$K:$K,0),10,,,"DATASET"))} -> Dc | BI6: COCO | BJ6: {=INDIRECT(ADDRESS(MATCH(BI6,DATASET!$K:$K,0),12,,,"DATASET"))} -> TOR | BK6: {=INDIRECT(ADDRESS(MATCH(BI6,DATASET!$K:$K,0),10,,,"DATASET"))} -> Dc | BM6: BUONGIORNO | BN6: {=INDIRECT(ADDRESS(MATCH(BM6,DATASET!$K:$K,0),12,,,"DATASET"))} -> NAP | BO6: {=INDIRECT(ADDRESS(MATCH(BM6,DATASET!$K:$K,0),10,,,"DATASET"))} -> Dc | BQ6: GABBIA | BR6: {=INDIRECT(ADDRESS(MATCH(BQ6,DATASET!$K:$K,0),12,,,"DATASET"))} -> MIL | BS6: {=INDIRECT(ADDRESS(MATCH(BQ6,DATASET!$K:$K,0),10,,,"DATASET"))} -> Dc | BU6: BEUKEMA | BV6: {=INDIRECT(ADDRESS(MATCH(BU6,DATASET!$K:$K,0),12,,,"DATASET"))} -> NAP | BW6: {=INDIRECT(ADDRESS(MATCH(BU6,DATASET!$K:$K,0),10,,,"DATASET"))} -> Dc | BY6: AKANJI | BZ6: {=INDIRECT(ADDRESS(MATCH(BY6,DATASET!$K:$K,0),12,,,"DATASET"))} -> INT | CA6: {=INDIRECT(ADDRESS(MATCH(BY6,DATASET!$K:$K,0),10,,,"DATASET"))} -> Dc | CC6: BASTONI | CD6: {=INDIRECT(ADDRESS(MATCH(CC6,DATASET!$K:$K,0),12,,,"DATASET"))} -> INT | CE6: {=INDIRECT(ADDRESS(MATCH(CC6,DATASET!$K:$K,0),10,,,"DATASET"))} -> Dc | CG6: BASCHIROTTO | CH6: {=INDIRECT(ADDRESS(MATCH(CG6,DATASET!$K:$K,0),12,,,"DATASET"))} -> CRE | CI6: {=INDIRECT(ADDRESS(MATCH(CG6,DATASET!$K:$K,0),10,,,"DATASET"))} -> Dc | CK6: CANESTRELLI | CL6: {=INDIRECT(ADDRESS(MATCH(CK6,DATASET!$K:$K,0),12,,,"DATASET"))} -> PIS | CM6: {=INDIRECT(ADDRESS(MATCH(CK6,DATASET!$K:$K,0),10,,,"DATASET"))} -> Dc | CO6: ACERBI | CP6: {=INDIRECT(ADDRESS(MATCH(CO6,DATASET!$K:$K,0),12,,,"DATASET"))} -> INT | CQ6: {=INDIRECT(ADDRESS(MATCH(CO6,DATASET!$K:$K,0),10,,,"DATASET"))} -> Dc | CS6: BIANCHETTI | CT6: {=INDIRECT(ADDRESS(MATCH(CS6,DATASET!$K:$K,0),12,,,"DATASET"))} -> CRE | CU6: {=INDIRECT(ADDRESS(MATCH(CS6,DATASET!$K:$K,0),10,,,"DATASET"))} -> Dc | CW6: GATTI | CX6: {=INDIRECT(ADDRESS(MATCH(CW6,DATASET!$K:$K,0),12,,,"DATASET"))} -> JUV | CY6: {=INDIRECT(ADDRESS(MATCH(CW6,DATASET!$K:$K,0),10,,,"DATASET"))} -> Dc | DA6: DE VRIJ | DB6: {=INDIRECT(ADDRESS(MATCH(DA6,DATASET!$K:$K,0),12,,,"DATASET"))} -> INT | DC6: {=INDIRECT(ADDRESS(MATCH(DA6,DATASET!$K:$K,0),10,,,"DATASET"))} -> Dc | DE6: ACERBI | DF6: {=INDIRECT(ADDRESS(MATCH(DE6,DATASET!$K:$K,0),12,,,"DATASET"))} -> INT | DG6: {=INDIRECT(ADDRESS(MATCH(DE6,DATASET!$K:$K,0),10,,,"DATASET"))} -> Dc | DI6: BERTOLA | DJ6: {=INDIRECT(ADDRESS(MATCH(DI6,DATASET!$K:$K,0),12,,,"DATASET"))} -> UDI | DK6: {=INDIRECT(ADDRESS(MATCH(DI6,DATASET!$K:$K,0),10,,,"DATASET"))} -> Dc | DM6: BISSECK | DN6: {=INDIRECT(ADDRESS(MATCH(DM6,DATASET!$K:$K,0),12,,,"DATASET"))} -> INT | DO6: {=INDIRECT(ADDRESS(MATCH(DM6,DATASET!$K:$K,0),10,,,"DATASET"))} -> Dc | DQ6: AKANJI | DR6: {=INDIRECT(ADDRESS(MATCH(DQ6,DATASET!$K:$K,0),12,,,"DATASET"))} -> INT | DS6: {=INDIRECT(ADDRESS(MATCH(DQ6,DATASET!$K:$K,0),10,,,"DATASET"))} -> Dc | DU6: BUONGIORNO | DV6: {=INDIRECT(ADDRESS(MATCH(DU6,DATASET!$K:$K,0),12,,,"DATASET"))} -> NAP | DW6: {=INDIRECT(ADDRESS(MATCH(DU6,DATASET!$K:$K,0),10,,,"DATASET"))} -> Dc | DY6: BASTONI | DZ6: {=INDIRECT(ADDRESS(MATCH(DY6,DATASET!$K:$K,0),12,,,"DATASET"))} -> INT | EA6: {=INDIRECT(ADDRESS(MATCH(DY6,DATASET!$K:$K,0),10,,,"DATASET"))} -> Dc | EC6: BREMER | ED6: {=INDIRECT(ADDRESS(MATCH(EC6,DATASET!$K:$K,0),12,,,"DATASET"))} -> JUV | EE6: {=INDIRECT(ADDRESS(MATCH(EC6,DATASET!$K:$K,0),10,,,"DATASET"))} -> Dc | EG6: BISSECK | EH6: {=INDIRECT(ADDRESS(MATCH(EG6,DATASET!$K:$K,0),12,,,"DATASET"))} -> INT | EI6: {=INDIRECT(ADDRESS(MATCH(EG6,DATASET!$K:$K,0),10,,,"DATASET"))} -> Dc | EK6: ACERBI | EL6: {=INDIRECT(ADDRESS(MATCH(EK6,DATASET!$K:$K,0),12,,,"DATASET"))} -> INT | EM6: {=INDIRECT(ADDRESS(MATCH(EK6,DATASET!$K:$K,0),10,,,"DATASET"))} -> Dc | EO6: BASCHIROTTO | EP6: {=INDIRECT(ADDRESS(MATCH(EO6,DATASET!$K:$K,0),12,,,"DATASET"))} -> CRE | EQ6: {=INDIRECT(ADDRESS(MATCH(EO6,DATASET!$K:$K,0),10,,,"DATASET"))} -> Dc | ES6: GASPAR K. | ET6: {=INDIRECT(ADDRESS(MATCH(ES6,DATASET!$K:$K,0),12,,,"DATASET"))} -> LEC | EU6: {=INDIRECT(ADDRESS(MATCH(ES6,DATASET!$K:$K,0),10,,,"DATASET"))} -> Dc | EW6: COCO | EX6: {=INDIRECT(ADDRESS(MATCH(EW6,DATASET!$K:$K,0),12,,,"DATASET"))} -> TOR | EY6: {=INDIRECT(ADDRESS(MATCH(EW6,DATASET!$K:$K,0),10,,,"DATASET"))} -> Dc | FA6: COMUZZO | FB6: {=INDIRECT(ADDRESS(MATCH(FA6,DATASET!$K:$K,0),12,,,"DATASET"))} -> FIO | FC6: {=INDIRECT(ADDRESS(MATCH(FA6,DATASET!$K:$K,0),10,,,"DATASET"))} -> Dc
A7: CARACCIOLO A. | B7: {=INDIRECT(ADDRESS(MATCH(A7,DATASET!$K:$K,0),12,,,"DATASET"))} -> PIS | C7: {=INDIRECT(ADDRESS(MATCH(A7,DATASET!$K:$K,0),10,,,"DATASET"))} -> Dc | E7: HIEN | F7: {=INDIRECT(ADDRESS(MATCH(E7,DATASET!$K:$K,0),12,,,"DATASET"))} -> ATA | G7: {=INDIRECT(ADDRESS(MATCH(E7,DATASET!$K:$K,0),10,,,"DATASET"))} -> Dc | I7: BUONGIORNO | J7: {=INDIRECT(ADDRESS(MATCH(I7,DATASET!$K:$K,0),12,,,"DATASET"))} -> NAP | K7: {=INDIRECT(ADDRESS(MATCH(I7,DATASET!$K:$K,0),10,,,"DATASET"))} -> Dc | M7: GABBIA | N7: {=INDIRECT(ADDRESS(MATCH(M7,DATASET!$K:$K,0),12,,,"DATASET"))} -> MIL | O7: {=INDIRECT(ADDRESS(MATCH(M7,DATASET!$K:$K,0),10,,,"DATASET"))} -> Dc | Q7: CIRCATI | R7: {=INDIRECT(ADDRESS(MATCH(Q7,DATASET!$K:$K,0),12,,,"DATASET"))} -> PAR | S7: {=INDIRECT(ADDRESS(MATCH(Q7,DATASET!$K:$K,0),10,,,"DATASET"))} -> Dc | U7: IDZES | V7: {=INDIRECT(ADDRESS(MATCH(U7,DATASET!$K:$K,0),12,,,"DATASET"))} -> SAS | W7: {=INDIRECT(ADDRESS(MATCH(U7,DATASET!$K:$K,0),10,,,"DATASET"))} -> Dc | Y7: BREMER | Z7: {=INDIRECT(ADDRESS(MATCH(Y7,DATASET!$K:$K,0),12,,,"DATASET"))} -> JUV | AA7: {=INDIRECT(ADDRESS(MATCH(Y7,DATASET!$K:$K,0),10,,,"DATASET"))} -> Dc | AC7: BASTONI | AD7: {=INDIRECT(ADDRESS(MATCH(AC7,DATASET!$K:$K,0),12,,,"DATASET"))} -> INT | AE7: {=INDIRECT(ADDRESS(MATCH(AC7,DATASET!$K:$K,0),10,,,"DATASET"))} -> Dc | AG7: GILA | AH7: {=INDIRECT(ADDRESS(MATCH(AG7,DATASET!$K:$K,0),12,,,"DATASET"))} -> LAZ | AI7: {=INDIRECT(ADDRESS(MATCH(AG7,DATASET!$K:$K,0),10,,,"DATASET"))} -> Dc | AK7: KELLY L. | AL7: {=INDIRECT(ADDRESS(MATCH(AK7,DATASET!$K:$K,0),12,,,"DATASET"))} -> JUV | AM7: {=INDIRECT(ADDRESS(MATCH(AK7,DATASET!$K:$K,0),10,,,"DATASET"))} -> Dc, Ds | AO7: BERTOLA | AP7: {=INDIRECT(ADDRESS(MATCH(AO7,DATASET!$K:$K,0),12,,,"DATASET"))} -> UDI | AQ7: {=INDIRECT(ADDRESS(MATCH(AO7,DATASET!$K:$K,0),10,,,"DATASET"))} -> Dc | AS7: KOSSOUNOU | AT7: {=INDIRECT(ADDRESS(MATCH(AS7,DATASET!$K:$K,0),12,,,"DATASET"))} -> ATA | AU7: {=INDIRECT(ADDRESS(MATCH(AS7,DATASET!$K:$K,0),10,,,"DATASET"))} -> Dc, Dd | AW7: GATTI | AX7: {=INDIRECT(ADDRESS(MATCH(AW7,DATASET!$K:$K,0),12,,,"DATASET"))} -> JUV | AY7: {=INDIRECT(ADDRESS(MATCH(AW7,DATASET!$K:$K,0),10,,,"DATASET"))} -> Dc | BA7: CARACCIOLO A. | BB7: {=INDIRECT(ADDRESS(MATCH(BA7,DATASET!$K:$K,0),12,,,"DATASET"))} -> PIS | BC7: {=INDIRECT(ADDRESS(MATCH(BA7,DATASET!$K:$K,0),10,,,"DATASET"))} -> Dc | BE7: DE WINTER | BF7: {=INDIRECT(ADDRESS(MATCH(BE7,DATASET!$K:$K,0),12,,,"DATASET"))} -> MIL | BG7: {=INDIRECT(ADDRESS(MATCH(BE7,DATASET!$K:$K,0),10,,,"DATASET"))} -> Dc, Dd | BI7: ISMAJLI | BJ7: {=INDIRECT(ADDRESS(MATCH(BI7,DATASET!$K:$K,0),12,,,"DATASET"))} -> TOR | BK7: {=INDIRECT(ADDRESS(MATCH(BI7,DATASET!$K:$K,0),10,,,"DATASET"))} -> Dc | BM7: DJIMSITI | BN7: {=INDIRECT(ADDRESS(MATCH(BM7,DATASET!$K:$K,0),12,,,"DATASET"))} -> ATA | BO7: {=INDIRECT(ADDRESS(MATCH(BM7,DATASET!$K:$K,0),10,,,"DATASET"))} -> Dc | BQ7: GHILARDI | BR7: {=INDIRECT(ADDRESS(MATCH(BQ7,DATASET!$K:$K,0),12,,,"DATASET"))} -> ROM | BS7: {=INDIRECT(ADDRESS(MATCH(BQ7,DATASET!$K:$K,0),10,,,"DATASET"))} -> Dc | BU7: BIANCHETTI | BV7: {=INDIRECT(ADDRESS(MATCH(BU7,DATASET!$K:$K,0),12,,,"DATASET"))} -> CRE | BW7: {=INDIRECT(ADDRESS(MATCH(BU7,DATASET!$K:$K,0),10,,,"DATASET"))} -> Dc | BY7: COMUZZO | BZ7: {=INDIRECT(ADDRESS(MATCH(BY7,DATASET!$K:$K,0),12,,,"DATASET"))} -> FIO | CA7: {=INDIRECT(ADDRESS(MATCH(BY7,DATASET!$K:$K,0),10,,,"DATASET"))} -> Dc | CC7: BEUKEMA | CD7: {=INDIRECT(ADDRESS(MATCH(CC7,DATASET!$K:$K,0),12,,,"DATASET"))} -> NAP | CE7: {=INDIRECT(ADDRESS(MATCH(CC7,DATASET!$K:$K,0),10,,,"DATASET"))} -> Dc | CG7: CIRCATI | CH7: {=INDIRECT(ADDRESS(MATCH(CG7,DATASET!$K:$K,0),12,,,"DATASET"))} -> PAR | CI7: {=INDIRECT(ADDRESS(MATCH(CG7,DATASET!$K:$K,0),10,,,"DATASET"))} -> Dc | CK7: KEMPF | CL7: {=INDIRECT(ADDRESS(MATCH(CK7,DATASET!$K:$K,0),12,,,"DATASET"))} -> COM | CM7: {=INDIRECT(ADDRESS(MATCH(CK7,DATASET!$K:$K,0),10,,,"DATASET"))} -> Dc | CO7: ALBIOL | CP7: {=INDIRECT(ADDRESS(MATCH(CO7,DATASET!$K:$K,0),12,,,"DATASET"))} -> PIS | CQ7: {=INDIRECT(ADDRESS(MATCH(CO7,DATASET!$K:$K,0),10,,,"DATASET"))} -> Dc | CS7: BUONGIORNO | CT7: {=INDIRECT(ADDRESS(MATCH(CS7,DATASET!$K:$K,0),12,,,"DATASET"))} -> NAP | CU7: {=INDIRECT(ADDRESS(MATCH(CS7,DATASET!$K:$K,0),10,,,"DATASET"))} -> Dc | CW7: ISMAJLI | CX7: {=INDIRECT(ADDRESS(MATCH(CW7,DATASET!$K:$K,0),12,,,"DATASET"))} -> TOR | CY7: {=INDIRECT(ADDRESS(MATCH(CW7,DATASET!$K:$K,0),10,,,"DATASET"))} -> Dc | DA7: DJIMSITI | DB7: {=INDIRECT(ADDRESS(MATCH(DA7,DATASET!$K:$K,0),12,,,"DATASET"))} -> ATA | DC7: {=INDIRECT(ADDRESS(MATCH(DA7,DATASET!$K:$K,0),10,,,"DATASET"))} -> Dc | DE7: BUONGIORNO | DF7: {=INDIRECT(ADDRESS(MATCH(DE7,DATASET!$K:$K,0),12,,,"DATASET"))} -> NAP | DG7: {=INDIRECT(ADDRESS(MATCH(DE7,DATASET!$K:$K,0),10,,,"DATASET"))} -> Dc | DI7: GASPAR K. | DJ7: {=INDIRECT(ADDRESS(MATCH(DI7,DATASET!$K:$K,0),12,,,"DATASET"))} -> LEC | DK7: {=INDIRECT(ADDRESS(MATCH(DI7,DATASET!$K:$K,0),10,,,"DATASET"))} -> Dc | DM7: DE WINTER | DN7: {=INDIRECT(ADDRESS(MATCH(DM7,DATASET!$K:$K,0),12,,,"DATASET"))} -> MIL | DO7: {=INDIRECT(ADDRESS(MATCH(DM7,DATASET!$K:$K,0),10,,,"DATASET"))} -> Dc, Dd | DQ7: BEUKEMA | DR7: {=INDIRECT(ADDRESS(MATCH(DQ7,DATASET!$K:$K,0),12,,,"DATASET"))} -> NAP | DS7: {=INDIRECT(ADDRESS(MATCH(DQ7,DATASET!$K:$K,0),10,,,"DATASET"))} -> Dc | DU7: CIRCATI | DV7: {=INDIRECT(ADDRESS(MATCH(DU7,DATASET!$K:$K,0),12,,,"DATASET"))} -> PAR | DW7: {=INDIRECT(ADDRESS(MATCH(DU7,DATASET!$K:$K,0),10,,,"DATASET"))} -> Dc | DY7: CANESTRELLI | DZ7: {=INDIRECT(ADDRESS(MATCH(DY7,DATASET!$K:$K,0),12,,,"DATASET"))} -> PIS | EA7: {=INDIRECT(ADDRESS(MATCH(DY7,DATASET!$K:$K,0),10,,,"DATASET"))} -> Dc | EC7: HIEN | ED7: {=INDIRECT(ADDRESS(MATCH(EC7,DATASET!$K:$K,0),12,,,"DATASET"))} -> ATA | EE7: {=INDIRECT(ADDRESS(MATCH(EC7,DATASET!$K:$K,0),10,,,"DATASET"))} -> Dc | EG7: EBOSSE | EH7: {=INDIRECT(ADDRESS(MATCH(EG7,DATASET!$K:$K,0),12,,,"DATASET"))} -> VER | EI7: {=INDIRECT(ADDRESS(MATCH(EG7,DATASET!$K:$K,0),10,,,"DATASET"))} -> Dc, Ds | EK7: BIANCHETTI | EL7: {=INDIRECT(ADDRESS(MATCH(EK7,DATASET!$K:$K,0),12,,,"DATASET"))} -> CRE | EM7: {=INDIRECT(ADDRESS(MATCH(EK7,DATASET!$K:$K,0),10,,,"DATASET"))} -> Dc | EO7: GABBIA | EP7: {=INDIRECT(ADDRESS(MATCH(EO7,DATASET!$K:$K,0),12,,,"DATASET"))} -> MIL | EQ7: {=INDIRECT(ADDRESS(MATCH(EO7,DATASET!$K:$K,0),10,,,"DATASET"))} -> Dc | ES7: KALULU | ET7: {=INDIRECT(ADDRESS(MATCH(ES7,DATASET!$K:$K,0),12,,,"DATASET"))} -> JUV | EU7: {=INDIRECT(ADDRESS(MATCH(ES7,DATASET!$K:$K,0),10,,,"DATASET"))} -> Dc, Dd | EW7: GATTI | EX7: {=INDIRECT(ADDRESS(MATCH(EW7,DATASET!$K:$K,0),12,,,"DATASET"))} -> JUV | EY7: {=INDIRECT(ADDRESS(MATCH(EW7,DATASET!$K:$K,0),10,,,"DATASET"))} -> Dc | FA7: IDZES | FB7: {=INDIRECT(ADDRESS(MATCH(FA7,DATASET!$K:$K,0),12,,,"DATASET"))} -> SAS | FC7: {=INDIRECT(ADDRESS(MATCH(FA7,DATASET!$K:$K,0),10,,,"DATASET"))} -> Dc
A8: GATTI | B8: {=INDIRECT(ADDRESS(MATCH(A8,DATASET!$K:$K,0),12,,,"DATASET"))} -> JUV | C8: {=INDIRECT(ADDRESS(MATCH(A8,DATASET!$K:$K,0),10,,,"DATASET"))} -> Dc | E8: MARIPAN | F8: {=INDIRECT(ADDRESS(MATCH(E8,DATASET!$K:$K,0),12,,,"DATASET"))} -> TOR | G8: {=INDIRECT(ADDRESS(MATCH(E8,DATASET!$K:$K,0),10,,,"DATASET"))} -> Dc | I8: HERMOSO | J8: {=INDIRECT(ADDRESS(MATCH(I8,DATASET!$K:$K,0),12,,,"DATASET"))} -> ROM | K8: {=INDIRECT(ADDRESS(MATCH(I8,DATASET!$K:$K,0),10,,,"DATASET"))} -> Dc | M8: KOSSOUNOU | N8: {=INDIRECT(ADDRESS(MATCH(M8,DATASET!$K:$K,0),12,,,"DATASET"))} -> ATA | O8: {=INDIRECT(ADDRESS(MATCH(M8,DATASET!$K:$K,0),10,,,"DATASET"))} -> Dc, Dd | Q8: LUPERTO | R8: {=INDIRECT(ADDRESS(MATCH(Q8,DATASET!$K:$K,0),12,,,"DATASET"))} -> CAG | S8: {=INDIRECT(ADDRESS(MATCH(Q8,DATASET!$K:$K,0),10,,,"DATASET"))} -> Dc | U8: KRISTENSEN T. | V8: {=INDIRECT(ADDRESS(MATCH(U8,DATASET!$K:$K,0),12,,,"DATASET"))} -> UDI | W8: {=INDIRECT(ADDRESS(MATCH(U8,DATASET!$K:$K,0),10,,,"DATASET"))} -> Dc, Dd | Y8: DE VRIJ | Z8: {=INDIRECT(ADDRESS(MATCH(Y8,DATASET!$K:$K,0),12,,,"DATASET"))} -> INT | AA8: {=INDIRECT(ADDRESS(MATCH(Y8,DATASET!$K:$K,0),10,,,"DATASET"))} -> Dc | AC8: BIANCHETTI | AD8: {=INDIRECT(ADDRESS(MATCH(AC8,DATASET!$K:$K,0),12,,,"DATASET"))} -> CRE | AE8: {=INDIRECT(ADDRESS(MATCH(AC8,DATASET!$K:$K,0),10,,,"DATASET"))} -> Dc | AG8: KALULU | AH8: {=INDIRECT(ADDRESS(MATCH(AG8,DATASET!$K:$K,0),12,,,"DATASET"))} -> JUV | AI8: {=INDIRECT(ADDRESS(MATCH(AG8,DATASET!$K:$K,0),10,,,"DATASET"))} -> Dc, Dd | AK8: PAVLOVIC | AL8: {=INDIRECT(ADDRESS(MATCH(AK8,DATASET!$K:$K,0),12,,,"DATASET"))} -> MIL | AM8: {=INDIRECT(ADDRESS(MATCH(AK8,DATASET!$K:$K,0),10,,,"DATASET"))} -> Dc | AO8: BREMER | AP8: {=INDIRECT(ADDRESS(MATCH(AO8,DATASET!$K:$K,0),12,,,"DATASET"))} -> JUV | AQ8: {=INDIRECT(ADDRESS(MATCH(AO8,DATASET!$K:$K,0),10,,,"DATASET"))} -> Dc | AS8: ROMAGNOLI | AT8: {=INDIRECT(ADDRESS(MATCH(AS8,DATASET!$K:$K,0),12,,,"DATASET"))} -> LAZ | AU8: {=INDIRECT(ADDRESS(MATCH(AS8,DATASET!$K:$K,0),10,,,"DATASET"))} -> Dc | AW8: MUHAREMOVIC | AX8: {=INDIRECT(ADDRESS(MATCH(AW8,DATASET!$K:$K,0),12,,,"DATASET"))} -> SAS | AY8: {=INDIRECT(ADDRESS(MATCH(AW8,DATASET!$K:$K,0),10,,,"DATASET"))} -> Dc | BA8: CIRCATI | BB8: {=INDIRECT(ADDRESS(MATCH(BA8,DATASET!$K:$K,0),12,,,"DATASET"))} -> PAR | BC8: {=INDIRECT(ADDRESS(MATCH(BA8,DATASET!$K:$K,0),10,,,"DATASET"))} -> Dc | BE8: MARIPAN | BF8: {=INDIRECT(ADDRESS(MATCH(BE8,DATASET!$K:$K,0),12,,,"DATASET"))} -> TOR | BG8: {=INDIRECT(ADDRESS(MATCH(BE8,DATASET!$K:$K,0),10,,,"DATASET"))} -> Dc | BI8: LUCUMÌ | BJ8: {=INDIRECT(ADDRESS(MATCH(BI8,DATASET!$K:$K,0),12,,,"DATASET"))} -> BOL | BK8: {=INDIRECT(ADDRESS(MATCH(BI8,DATASET!$K:$K,0),10,,,"DATASET"))} -> Dc | BM8: HIEN | BN8: {=INDIRECT(ADDRESS(MATCH(BM8,DATASET!$K:$K,0),12,,,"DATASET"))} -> ATA | BO8: {=INDIRECT(ADDRESS(MATCH(BM8,DATASET!$K:$K,0),10,,,"DATASET"))} -> Dc | BQ8: HERMOSO | BR8: {=INDIRECT(ADDRESS(MATCH(BQ8,DATASET!$K:$K,0),12,,,"DATASET"))} -> ROM | BS8: {=INDIRECT(ADDRESS(MATCH(BQ8,DATASET!$K:$K,0),10,,,"DATASET"))} -> Dc | BU8: BISSECK | BV8: {=INDIRECT(ADDRESS(MATCH(BU8,DATASET!$K:$K,0),12,,,"DATASET"))} -> INT | BW8: {=INDIRECT(ADDRESS(MATCH(BU8,DATASET!$K:$K,0),10,,,"DATASET"))} -> Dc | BY8: GILA | BZ8: {=INDIRECT(ADDRESS(MATCH(BY8,DATASET!$K:$K,0),12,,,"DATASET"))} -> LAZ | CA8: {=INDIRECT(ADDRESS(MATCH(BY8,DATASET!$K:$K,0),10,,,"DATASET"))} -> Dc | CC8: BREMER | CD8: {=INDIRECT(ADDRESS(MATCH(CC8,DATASET!$K:$K,0),12,,,"DATASET"))} -> JUV | CE8: {=INDIRECT(ADDRESS(MATCH(CC8,DATASET!$K:$K,0),10,,,"DATASET"))} -> Dc | CG8: HIEN | CH8: {=INDIRECT(ADDRESS(MATCH(CG8,DATASET!$K:$K,0),12,,,"DATASET"))} -> ATA | CI8: {=INDIRECT(ADDRESS(MATCH(CG8,DATASET!$K:$K,0),10,,,"DATASET"))} -> Dc | CK8: N'DICKA | CL8: {=INDIRECT(ADDRESS(MATCH(CK8,DATASET!$K:$K,0),12,,,"DATASET"))} -> ROM | CM8: {=INDIRECT(ADDRESS(MATCH(CK8,DATASET!$K:$K,0),10,,,"DATASET"))} -> Dc | CO8: MANCINI | CP8: {=INDIRECT(ADDRESS(MATCH(CO8,DATASET!$K:$K,0),12,,,"DATASET"))} -> ROM | CQ8: {=INDIRECT(ADDRESS(MATCH(CO8,DATASET!$K:$K,0),10,,,"DATASET"))} -> Dc | CS8: COCO | CT8: {=INDIRECT(ADDRESS(MATCH(CS8,DATASET!$K:$K,0),12,,,"DATASET"))} -> TOR | CU8: {=INDIRECT(ADDRESS(MATCH(CS8,DATASET!$K:$K,0),10,,,"DATASET"))} -> Dc | CW8: KRISTENSEN T. | CX8: {=INDIRECT(ADDRESS(MATCH(CW8,DATASET!$K:$K,0),12,,,"DATASET"))} -> UDI | CY8: {=INDIRECT(ADDRESS(MATCH(CW8,DATASET!$K:$K,0),10,,,"DATASET"))} -> Dc, Dd | DA8: IDZES | DB8: {=INDIRECT(ADDRESS(MATCH(DA8,DATASET!$K:$K,0),12,,,"DATASET"))} -> SAS | DC8: {=INDIRECT(ADDRESS(MATCH(DA8,DATASET!$K:$K,0),10,,,"DATASET"))} -> Dc | DE8: DJIMSITI | DF8: {=INDIRECT(ADDRESS(MATCH(DE8,DATASET!$K:$K,0),12,,,"DATASET"))} -> ATA | DG8: {=INDIRECT(ADDRESS(MATCH(DE8,DATASET!$K:$K,0),10,,,"DATASET"))} -> Dc | DI8: GILA | DJ8: {=INDIRECT(ADDRESS(MATCH(DI8,DATASET!$K:$K,0),12,,,"DATASET"))} -> LAZ | DK8: {=INDIRECT(ADDRESS(MATCH(DI8,DATASET!$K:$K,0),10,,,"DATASET"))} -> Dc | DM8: GABBIA | DN8: {=INDIRECT(ADDRESS(MATCH(DM8,DATASET!$K:$K,0),12,,,"DATASET"))} -> MIL | DO8: {=INDIRECT(ADDRESS(MATCH(DM8,DATASET!$K:$K,0),10,,,"DATASET"))} -> Dc | DQ8: DJIMSITI | DR8: {=INDIRECT(ADDRESS(MATCH(DQ8,DATASET!$K:$K,0),12,,,"DATASET"))} -> ATA | DS8: {=INDIRECT(ADDRESS(MATCH(DQ8,DATASET!$K:$K,0),10,,,"DATASET"))} -> Dc | DU8: DE VRIJ | DV8: {=INDIRECT(ADDRESS(MATCH(DU8,DATASET!$K:$K,0),12,,,"DATASET"))} -> INT | DW8: {=INDIRECT(ADDRESS(MATCH(DU8,DATASET!$K:$K,0),10,,,"DATASET"))} -> Dc | DY8: GHILARDI | DZ8: {=INDIRECT(ADDRESS(MATCH(DY8,DATASET!$K:$K,0),12,,,"DATASET"))} -> ROM | EA8: {=INDIRECT(ADDRESS(MATCH(DY8,DATASET!$K:$K,0),10,,,"DATASET"))} -> Dc | EC8: NELSSON | ED8: {=INDIRECT(ADDRESS(MATCH(EC8,DATASET!$K:$K,0),12,,,"DATASET"))} -> VER | EE8: {=INDIRECT(ADDRESS(MATCH(EC8,DATASET!$K:$K,0),10,,,"DATASET"))} -> Dc | EG8: GOGLICHIDZE | EH8: {=INDIRECT(ADDRESS(MATCH(EG8,DATASET!$K:$K,0),12,,,"DATASET"))} -> UDI | EI8: {=INDIRECT(ADDRESS(MATCH(EG8,DATASET!$K:$K,0),10,,,"DATASET"))} -> Dc, Dd | EK8: JUAN JESUS | EL8: {=INDIRECT(ADDRESS(MATCH(EK8,DATASET!$K:$K,0),12,,,"DATASET"))} -> NAP | EM8: {=INDIRECT(ADDRESS(MATCH(EK8,DATASET!$K:$K,0),10,,,"DATASET"))} -> Dc, Ds | EO8: ISMAJLI | EP8: {=INDIRECT(ADDRESS(MATCH(EO8,DATASET!$K:$K,0),12,,,"DATASET"))} -> TOR | EQ8: {=INDIRECT(ADDRESS(MATCH(EO8,DATASET!$K:$K,0),10,,,"DATASET"))} -> Dc | ES8: KELLY L. | ET8: {=INDIRECT(ADDRESS(MATCH(ES8,DATASET!$K:$K,0),12,,,"DATASET"))} -> JUV | EU8: {=INDIRECT(ADDRESS(MATCH(ES8,DATASET!$K:$K,0),10,,,"DATASET"))} -> Dc, Ds | EW8: HERMOSO | EX8: {=INDIRECT(ADDRESS(MATCH(EW8,DATASET!$K:$K,0),12,,,"DATASET"))} -> ROM | EY8: {=INDIRECT(ADDRESS(MATCH(EW8,DATASET!$K:$K,0),10,,,"DATASET"))} -> Dc | FA8: KEMPF | FB8: {=INDIRECT(ADDRESS(MATCH(FA8,DATASET!$K:$K,0),12,,,"DATASET"))} -> COM | FC8: {=INDIRECT(ADDRESS(MATCH(FA8,DATASET!$K:$K,0),10,,,"DATASET"))} -> Dc
A9: GOGLICHIDZE | B9: {=INDIRECT(ADDRESS(MATCH(A9,DATASET!$K:$K,0),12,,,"DATASET"))} -> UDI | C9: {=INDIRECT(ADDRESS(MATCH(A9,DATASET!$K:$K,0),10,,,"DATASET"))} -> Dc, Dd | E9: MUHAREMOVIC | F9: {=INDIRECT(ADDRESS(MATCH(E9,DATASET!$K:$K,0),12,,,"DATASET"))} -> SAS | G9: {=INDIRECT(ADDRESS(MATCH(E9,DATASET!$K:$K,0),10,,,"DATASET"))} -> Dc | I9: KEMPF | J9: {=INDIRECT(ADDRESS(MATCH(I9,DATASET!$K:$K,0),12,,,"DATASET"))} -> COM | K9: {=INDIRECT(ADDRESS(MATCH(I9,DATASET!$K:$K,0),10,,,"DATASET"))} -> Dc | M9: LUCUMÌ | N9: {=INDIRECT(ADDRESS(MATCH(M9,DATASET!$K:$K,0),12,,,"DATASET"))} -> BOL | O9: {=INDIRECT(ADDRESS(MATCH(M9,DATASET!$K:$K,0),10,,,"DATASET"))} -> Dc | Q9: MARCANDALLI | R9: {=INDIRECT(ADDRESS(MATCH(Q9,DATASET!$K:$K,0),12,,,"DATASET"))} -> GEN | S9: {=INDIRECT(ADDRESS(MATCH(Q9,DATASET!$K:$K,0),10,,,"DATASET"))} -> Dc | U9: MANCINI | V9: {=INDIRECT(ADDRESS(MATCH(U9,DATASET!$K:$K,0),12,,,"DATASET"))} -> ROM | W9: {=INDIRECT(ADDRESS(MATCH(U9,DATASET!$K:$K,0),10,,,"DATASET"))} -> Dc | Y9: ISMAJLI | Z9: {=INDIRECT(ADDRESS(MATCH(Y9,DATASET!$K:$K,0),12,,,"DATASET"))} -> TOR | AA9: {=INDIRECT(ADDRESS(MATCH(Y9,DATASET!$K:$K,0),10,,,"DATASET"))} -> Dc | AC9: COCO | AD9: {=INDIRECT(ADDRESS(MATCH(AC9,DATASET!$K:$K,0),12,,,"DATASET"))} -> TOR | AE9: {=INDIRECT(ADDRESS(MATCH(AC9,DATASET!$K:$K,0),10,,,"DATASET"))} -> Dc | AG9: N'DICKA | AH9: {=INDIRECT(ADDRESS(MATCH(AG9,DATASET!$K:$K,0),12,,,"DATASET"))} -> ROM | AI9: {=INDIRECT(ADDRESS(MATCH(AG9,DATASET!$K:$K,0),10,,,"DATASET"))} -> Dc | AK9: TOMORI | AL9: {=INDIRECT(ADDRESS(MATCH(AK9,DATASET!$K:$K,0),12,,,"DATASET"))} -> MIL | AM9: {=INDIRECT(ADDRESS(MATCH(AK9,DATASET!$K:$K,0),10,,,"DATASET"))} -> Dc | AO9: DE VRIJ | AP9: {=INDIRECT(ADDRESS(MATCH(AO9,DATASET!$K:$K,0),12,,,"DATASET"))} -> INT | AQ9: {=INDIRECT(ADDRESS(MATCH(AO9,DATASET!$K:$K,0),10,,,"DATASET"))} -> Dc | AS9: SCALVINI | AT9: {=INDIRECT(ADDRESS(MATCH(AS9,DATASET!$K:$K,0),12,,,"DATASET"))} -> ATA | AU9: {=INDIRECT(ADDRESS(MATCH(AS9,DATASET!$K:$K,0),10,,,"DATASET"))} -> Dc | AW9: PONGRACIC | AX9: {=INDIRECT(ADDRESS(MATCH(AW9,DATASET!$K:$K,0),12,,,"DATASET"))} -> FIO | AY9: {=INDIRECT(ADDRESS(MATCH(AW9,DATASET!$K:$K,0),10,,,"DATASET"))} -> Dc | BA9: NELSSON | BB9: {=INDIRECT(ADDRESS(MATCH(BA9,DATASET!$K:$K,0),12,,,"DATASET"))} -> VER | BC9: {=INDIRECT(ADDRESS(MATCH(BA9,DATASET!$K:$K,0),10,,,"DATASET"))} -> Dc | BE9: N'DICKA | BF9: {=INDIRECT(ADDRESS(MATCH(BE9,DATASET!$K:$K,0),12,,,"DATASET"))} -> ROM | BG9: {=INDIRECT(ADDRESS(MATCH(BE9,DATASET!$K:$K,0),10,,,"DATASET"))} -> Dc | BI9: COULIBALY W. | BJ9: {=INDIRECT(ADDRESS(MATCH(BI9,DATASET!$K:$K,0),12,,,"DATASET"))} -> SAS | BK9: {=INDIRECT(ADDRESS(MATCH(BI9,DATASET!$K:$K,0),10,,,"DATASET"))} -> Ds, Dd, E | BM9: LUPERTO | BN9: {=INDIRECT(ADDRESS(MATCH(BM9,DATASET!$K:$K,0),12,,,"DATASET"))} -> CAG | BO9: {=INDIRECT(ADDRESS(MATCH(BM9,DATASET!$K:$K,0),10,,,"DATASET"))} -> Dc | BQ9: MANCINI | BR9: {=INDIRECT(ADDRESS(MATCH(BQ9,DATASET!$K:$K,0),12,,,"DATASET"))} -> ROM | BS9: {=INDIRECT(ADDRESS(MATCH(BQ9,DATASET!$K:$K,0),10,,,"DATASET"))} -> Dc | BU9: CANESTRELLI | BV9: {=INDIRECT(ADDRESS(MATCH(BU9,DATASET!$K:$K,0),12,,,"DATASET"))} -> PIS | BW9: {=INDIRECT(ADDRESS(MATCH(BU9,DATASET!$K:$K,0),10,,,"DATASET"))} -> Dc | BY9: RAMON | BZ9: {=INDIRECT(ADDRESS(MATCH(BY9,DATASET!$K:$K,0),12,,,"DATASET"))} -> COM | CA9: {=INDIRECT(ADDRESS(MATCH(BY9,DATASET!$K:$K,0),10,,,"DATASET"))} -> Dc | CC9: RANIERI L. | CD9: {=INDIRECT(ADDRESS(MATCH(CC9,DATASET!$K:$K,0),12,,,"DATASET"))} -> FIO | CE9: {=INDIRECT(ADDRESS(MATCH(CC9,DATASET!$K:$K,0),10,,,"DATASET"))} -> Dc, Ds | CG9: KALULU | CH9: {=INDIRECT(ADDRESS(MATCH(CG9,DATASET!$K:$K,0),12,,,"DATASET"))} -> JUV | CI9: {=INDIRECT(ADDRESS(MATCH(CG9,DATASET!$K:$K,0),10,,,"DATASET"))} -> Dc, Dd | CK9: RAMON | CL9: {=INDIRECT(ADDRESS(MATCH(CK9,DATASET!$K:$K,0),12,,,"DATASET"))} -> COM | CM9: {=INDIRECT(ADDRESS(MATCH(CK9,DATASET!$K:$K,0),10,,,"DATASET"))} -> Dc | CO9: PONGRACIC | CP9: {=INDIRECT(ADDRESS(MATCH(CO9,DATASET!$K:$K,0),12,,,"DATASET"))} -> FIO | CQ9: {=INDIRECT(ADDRESS(MATCH(CO9,DATASET!$K:$K,0),10,,,"DATASET"))} -> Dc | CS9: HEGGEM | CT9: {=INDIRECT(ADDRESS(MATCH(CS9,DATASET!$K:$K,0),12,,,"DATASET"))} -> BOL | CU9: {=INDIRECT(ADDRESS(MATCH(CS9,DATASET!$K:$K,0),10,,,"DATASET"))} -> Dc, Ds | CW9: MINA | CX9: {=INDIRECT(ADDRESS(MATCH(CW9,DATASET!$K:$K,0),12,,,"DATASET"))} -> CAG | CY9: {=INDIRECT(ADDRESS(MATCH(CW9,DATASET!$K:$K,0),10,,,"DATASET"))} -> Dc | DA9: KOSSOUNOU | DB9: {=INDIRECT(ADDRESS(MATCH(DA9,DATASET!$K:$K,0),12,,,"DATASET"))} -> ATA | DC9: {=INDIRECT(ADDRESS(MATCH(DA9,DATASET!$K:$K,0),10,,,"DATASET"))} -> Dc, Dd | DE9: HIEN | DF9: {=INDIRECT(ADDRESS(MATCH(DE9,DATASET!$K:$K,0),12,,,"DATASET"))} -> ATA | DG9: {=INDIRECT(ADDRESS(MATCH(DE9,DATASET!$K:$K,0),10,,,"DATASET"))} -> Dc | DI9: HERMOSO | DJ9: {=INDIRECT(ADDRESS(MATCH(DI9,DATASET!$K:$K,0),12,,,"DATASET"))} -> ROM | DK9: {=INDIRECT(ADDRESS(MATCH(DI9,DATASET!$K:$K,0),10,,,"DATASET"))} -> Dc | DM9: KELLY L. | DN9: {=INDIRECT(ADDRESS(MATCH(DM9,DATASET!$K:$K,0),12,,,"DATASET"))} -> JUV | DO9: {=INDIRECT(ADDRESS(MATCH(DM9,DATASET!$K:$K,0),10,,,"DATASET"))} -> Dc, Ds | DQ9: GILA | DR9: {=INDIRECT(ADDRESS(MATCH(DQ9,DATASET!$K:$K,0),12,,,"DATASET"))} -> LAZ | DS9: {=INDIRECT(ADDRESS(MATCH(DQ9,DATASET!$K:$K,0),10,,,"DATASET"))} -> Dc | DU9: DE WINTER | DV9: {=INDIRECT(ADDRESS(MATCH(DU9,DATASET!$K:$K,0),12,,,"DATASET"))} -> MIL | DW9: {=INDIRECT(ADDRESS(MATCH(DU9,DATASET!$K:$K,0),10,,,"DATASET"))} -> Dc, Dd | DY9: HEGGEM | DZ9: {=INDIRECT(ADDRESS(MATCH(DY9,DATASET!$K:$K,0),12,,,"DATASET"))} -> BOL | EA9: {=INDIRECT(ADDRESS(MATCH(DY9,DATASET!$K:$K,0),10,,,"DATASET"))} -> Dc, Ds | EC9: WALUKIEWICZ | ED9: {=INDIRECT(ADDRESS(MATCH(EC9,DATASET!$K:$K,0),12,,,"DATASET"))} -> SAS | EE9: {=INDIRECT(ADDRESS(MATCH(EC9,DATASET!$K:$K,0),10,,,"DATASET"))} -> Dc, Dd | EG9: MINA | EH9: {=INDIRECT(ADDRESS(MATCH(EG9,DATASET!$K:$K,0),12,,,"DATASET"))} -> CAG | EI9: {=INDIRECT(ADDRESS(MATCH(EG9,DATASET!$K:$K,0),10,,,"DATASET"))} -> Dc | EK9: MATEUS LUSUARDI | EL9: {=INDIRECT(ADDRESS(MATCH(EK9,DATASET!$K:$K,0),12,,,"DATASET"))} -> PIS | EM9: {=INDIRECT(ADDRESS(MATCH(EK9,DATASET!$K:$K,0),10,,,"DATASET"))} -> Dc | EO9: LUPERTO | EP9: {=INDIRECT(ADDRESS(MATCH(EO9,DATASET!$K:$K,0),12,,,"DATASET"))} -> CAG | EQ9: {=INDIRECT(ADDRESS(MATCH(EO9,DATASET!$K:$K,0),10,,,"DATASET"))} -> Dc | ES9: KOSSOUNOU | ET9: {=INDIRECT(ADDRESS(MATCH(ES9,DATASET!$K:$K,0),12,,,"DATASET"))} -> ATA | EU9: {=INDIRECT(ADDRESS(MATCH(ES9,DATASET!$K:$K,0),10,,,"DATASET"))} -> Dc, Dd | EW9: MARIPAN | EX9: {=INDIRECT(ADDRESS(MATCH(EW9,DATASET!$K:$K,0),12,,,"DATASET"))} -> TOR | EY9: {=INDIRECT(ADDRESS(MATCH(EW9,DATASET!$K:$K,0),10,,,"DATASET"))} -> Dc | FA9: PAVLOVIC | FB9: {=INDIRECT(ADDRESS(MATCH(FA9,DATASET!$K:$K,0),12,,,"DATASET"))} -> MIL | FC9: {=INDIRECT(ADDRESS(MATCH(FA9,DATASET!$K:$K,0),10,,,"DATASET"))} -> Dc
A10: MINA | B10: {=INDIRECT(ADDRESS(MATCH(A10,DATASET!$K:$K,0),12,,,"DATASET"))} -> CAG | C10: {=INDIRECT(ADDRESS(MATCH(A10,DATASET!$K:$K,0),10,,,"DATASET"))} -> Dc | E10: RANIERI L. | F10: {=INDIRECT(ADDRESS(MATCH(E10,DATASET!$K:$K,0),12,,,"DATASET"))} -> FIO | G10: {=INDIRECT(ADDRESS(MATCH(E10,DATASET!$K:$K,0),10,,,"DATASET"))} -> Dc, Ds | I10: SOLET | J10: {=INDIRECT(ADDRESS(MATCH(I10,DATASET!$K:$K,0),12,,,"DATASET"))} -> UDI | K10: {=INDIRECT(ADDRESS(MATCH(I10,DATASET!$K:$K,0),10,,,"DATASET"))} -> Dc | M10: RAMON | N10: {=INDIRECT(ADDRESS(MATCH(M10,DATASET!$K:$K,0),12,,,"DATASET"))} -> COM | O10: {=INDIRECT(ADDRESS(MATCH(M10,DATASET!$K:$K,0),10,,,"DATASET"))} -> Dc | Q10: OBERT | R10: {=INDIRECT(ADDRESS(MATCH(Q10,DATASET!$K:$K,0),12,,,"DATASET"))} -> CAG | S10: {=INDIRECT(ADDRESS(MATCH(Q10,DATASET!$K:$K,0),10,,,"DATASET"))} -> Dc, Ds | U10: ROMAGNOLI | V10: {=INDIRECT(ADDRESS(MATCH(U10,DATASET!$K:$K,0),12,,,"DATASET"))} -> LAZ | W10: {=INDIRECT(ADDRESS(MATCH(U10,DATASET!$K:$K,0),10,,,"DATASET"))} -> Dc | Y10: NELSSON | Z10: {=INDIRECT(ADDRESS(MATCH(Y10,DATASET!$K:$K,0),12,,,"DATASET"))} -> VER | AA10: {=INDIRECT(ADDRESS(MATCH(Y10,DATASET!$K:$K,0),10,,,"DATASET"))} -> Dc | AC10: DJIMSITI | AD10: {=INDIRECT(ADDRESS(MATCH(AC10,DATASET!$K:$K,0),12,,,"DATASET"))} -> ATA | AE10: {=INDIRECT(ADDRESS(MATCH(AC10,DATASET!$K:$K,0),10,,,"DATASET"))} -> Dc | AG10: UNAI NUNEZ | AH10: {=INDIRECT(ADDRESS(MATCH(AG10,DATASET!$K:$K,0),12,,,"DATASET"))} -> VER | AI10: {=INDIRECT(ADDRESS(MATCH(AG10,DATASET!$K:$K,0),10,,,"DATASET"))} -> Dc | AK10: WALUKIEWICZ | AL10: {=INDIRECT(ADDRESS(MATCH(AK10,DATASET!$K:$K,0),12,,,"DATASET"))} -> SAS | AM10: {=INDIRECT(ADDRESS(MATCH(AK10,DATASET!$K:$K,0),10,,,"DATASET"))} -> Dc, Dd | AO10: RRAHMANI | AP10: {=INDIRECT(ADDRESS(MATCH(AO10,DATASET!$K:$K,0),12,,,"DATASET"))} -> NAP | AQ10: {=INDIRECT(ADDRESS(MATCH(AO10,DATASET!$K:$K,0),10,,,"DATASET"))} -> Dc | AS10: CABAL | AT10: {=INDIRECT(ADDRESS(MATCH(AS10,DATASET!$K:$K,0),12,,,"DATASET"))} -> JUV | AU10: {=INDIRECT(ADDRESS(MATCH(AS10,DATASET!$K:$K,0),10,,,"DATASET"))} -> B, Ds, E | AW10: SOLET | AX10: {=INDIRECT(ADDRESS(MATCH(AW10,DATASET!$K:$K,0),12,,,"DATASET"))} -> UDI | AY10: {=INDIRECT(ADDRESS(MATCH(AW10,DATASET!$K:$K,0),10,,,"DATASET"))} -> Dc | BA10: PROVSTGAARD | BB10: {=INDIRECT(ADDRESS(MATCH(BA10,DATASET!$K:$K,0),12,,,"DATASET"))} -> LAZ | BC10: {=INDIRECT(ADDRESS(MATCH(BA10,DATASET!$K:$K,0),10,,,"DATASET"))} -> Dc | BE10: VITIK | BF10: {=INDIRECT(ADDRESS(MATCH(BE10,DATASET!$K:$K,0),12,,,"DATASET"))} -> BOL | BG10: {=INDIRECT(ADDRESS(MATCH(BE10,DATASET!$K:$K,0),10,,,"DATASET"))} -> Dc | BI10: WALUKIEWICZ | BJ10: {=INDIRECT(ADDRESS(MATCH(BI10,DATASET!$K:$K,0),12,,,"DATASET"))} -> SAS | BK10: {=INDIRECT(ADDRESS(MATCH(BI10,DATASET!$K:$K,0),10,,,"DATASET"))} -> Dc, Dd | BM10: MINA | BN10: {=INDIRECT(ADDRESS(MATCH(BM10,DATASET!$K:$K,0),12,,,"DATASET"))} -> CAG | BO10: {=INDIRECT(ADDRESS(MATCH(BM10,DATASET!$K:$K,0),10,,,"DATASET"))} -> Dc | BQ10: OBERT | BR10: {=INDIRECT(ADDRESS(MATCH(BQ10,DATASET!$K:$K,0),12,,,"DATASET"))} -> CAG | BS10: {=INDIRECT(ADDRESS(MATCH(BQ10,DATASET!$K:$K,0),10,,,"DATASET"))} -> Dc, Ds | BU10: IDZES | BV10: {=INDIRECT(ADDRESS(MATCH(BU10,DATASET!$K:$K,0),12,,,"DATASET"))} -> SAS | BW10: {=INDIRECT(ADDRESS(MATCH(BU10,DATASET!$K:$K,0),10,,,"DATASET"))} -> Dc | BY10: UNAI NUNEZ | BZ10: {=INDIRECT(ADDRESS(MATCH(BY10,DATASET!$K:$K,0),12,,,"DATASET"))} -> VER | CA10: {=INDIRECT(ADDRESS(MATCH(BY10,DATASET!$K:$K,0),10,,,"DATASET"))} -> Dc | CC10: RRAHMANI | CD10: {=INDIRECT(ADDRESS(MATCH(CC10,DATASET!$K:$K,0),12,,,"DATASET"))} -> NAP | CE10: {=INDIRECT(ADDRESS(MATCH(CC10,DATASET!$K:$K,0),10,,,"DATASET"))} -> Dc | CG10: MARÌ | CH10: {=INDIRECT(ADDRESS(MATCH(CG10,DATASET!$K:$K,0),12,,,"DATASET"))} -> FIO | CI10: {=INDIRECT(ADDRESS(MATCH(CG10,DATASET!$K:$K,0),10,,,"DATASET"))} -> Dc | CK10: CARLOS AUGUSTO | CL10: {=INDIRECT(ADDRESS(MATCH(CK10,DATASET!$K:$K,0),12,,,"DATASET"))} -> INT | CM10: {=INDIRECT(ADDRESS(MATCH(CK10,DATASET!$K:$K,0),10,,,"DATASET"))} -> B, Ds, E | CO10: TOMORI | CP10: {=INDIRECT(ADDRESS(MATCH(CO10,DATASET!$K:$K,0),12,,,"DATASET"))} -> MIL | CQ10: {=INDIRECT(ADDRESS(MATCH(CO10,DATASET!$K:$K,0),10,,,"DATASET"))} -> Dc | CS10: JUAN JESUS | CT10: {=INDIRECT(ADDRESS(MATCH(CS10,DATASET!$K:$K,0),12,,,"DATASET"))} -> NAP | CU10: {=INDIRECT(ADDRESS(MATCH(CS10,DATASET!$K:$K,0),10,,,"DATASET"))} -> Dc, Ds | CW10: SOLET | CX10: {=INDIRECT(ADDRESS(MATCH(CW10,DATASET!$K:$K,0),12,,,"DATASET"))} -> UDI | CY10: {=INDIRECT(ADDRESS(MATCH(CW10,DATASET!$K:$K,0),10,,,"DATASET"))} -> Dc | DA10: LUPERTO | DB10: {=INDIRECT(ADDRESS(MATCH(DA10,DATASET!$K:$K,0),12,,,"DATASET"))} -> CAG | DC10: {=INDIRECT(ADDRESS(MATCH(DA10,DATASET!$K:$K,0),10,,,"DATASET"))} -> Dc | DE10: LUPERTO | DF10: {=INDIRECT(ADDRESS(MATCH(DE10,DATASET!$K:$K,0),12,,,"DATASET"))} -> CAG | DG10: {=INDIRECT(ADDRESS(MATCH(DE10,DATASET!$K:$K,0),10,,,"DATASET"))} -> Dc | DI10: MUHAREMOVIC | DJ10: {=INDIRECT(ADDRESS(MATCH(DI10,DATASET!$K:$K,0),12,,,"DATASET"))} -> SAS | DK10: {=INDIRECT(ADDRESS(MATCH(DI10,DATASET!$K:$K,0),10,,,"DATASET"))} -> Dc | DM10: PAVLOVIC | DN10: {=INDIRECT(ADDRESS(MATCH(DM10,DATASET!$K:$K,0),12,,,"DATASET"))} -> MIL | DO10: {=INDIRECT(ADDRESS(MATCH(DM10,DATASET!$K:$K,0),10,,,"DATASET"))} -> Dc | DQ10: LUCUMÌ | DR10: {=INDIRECT(ADDRESS(MATCH(DQ10,DATASET!$K:$K,0),12,,,"DATASET"))} -> BOL | DS10: {=INDIRECT(ADDRESS(MATCH(DQ10,DATASET!$K:$K,0),10,,,"DATASET"))} -> Dc | DU10: KRISTENSEN T. | DV10: {=INDIRECT(ADDRESS(MATCH(DU10,DATASET!$K:$K,0),12,,,"DATASET"))} -> UDI | DW10: {=INDIRECT(ADDRESS(MATCH(DU10,DATASET!$K:$K,0),10,,,"DATASET"))} -> Dc, Dd | DY10: RAMON | DZ10: {=INDIRECT(ADDRESS(MATCH(DY10,DATASET!$K:$K,0),12,,,"DATASET"))} -> COM | EA10: {=INDIRECT(ADDRESS(MATCH(DY10,DATASET!$K:$K,0),10,,,"DATASET"))} -> Dc | EC10: KOLASINAC | ED10: {=INDIRECT(ADDRESS(MATCH(EC10,DATASET!$K:$K,0),12,,,"DATASET"))} -> ATA | EE10: {=INDIRECT(ADDRESS(MATCH(EC10,DATASET!$K:$K,0),10,,,"DATASET"))} -> B, Ds, E | EG10: RANIERI L. | EH10: {=INDIRECT(ADDRESS(MATCH(EG10,DATASET!$K:$K,0),12,,,"DATASET"))} -> FIO | EI10: {=INDIRECT(ADDRESS(MATCH(EG10,DATASET!$K:$K,0),10,,,"DATASET"))} -> Dc, Ds | EK10: PONGRACIC | EL10: {=INDIRECT(ADDRESS(MATCH(EK10,DATASET!$K:$K,0),12,,,"DATASET"))} -> FIO | EM10: {=INDIRECT(ADDRESS(MATCH(EK10,DATASET!$K:$K,0),10,,,"DATASET"))} -> Dc | EO10: SOLET | EP10: {=INDIRECT(ADDRESS(MATCH(EO10,DATASET!$K:$K,0),12,,,"DATASET"))} -> UDI | EQ10: {=INDIRECT(ADDRESS(MATCH(EO10,DATASET!$K:$K,0),10,,,"DATASET"))} -> Dc | ES10: MANCINI | ET10: {=INDIRECT(ADDRESS(MATCH(ES10,DATASET!$K:$K,0),12,,,"DATASET"))} -> ROM | EU10: {=INDIRECT(ADDRESS(MATCH(ES10,DATASET!$K:$K,0),10,,,"DATASET"))} -> Dc | EW10: OSTIGARD | EX10: {=INDIRECT(ADDRESS(MATCH(EW10,DATASET!$K:$K,0),12,,,"DATASET"))} -> GEN | EY10: {=INDIRECT(ADDRESS(MATCH(EW10,DATASET!$K:$K,0),10,,,"DATASET"))} -> Dc | FA10: PROVSTGAARD | FB10: {=INDIRECT(ADDRESS(MATCH(FA10,DATASET!$K:$K,0),12,,,"DATASET"))} -> LAZ | FC10: {=INDIRECT(ADDRESS(MATCH(FA10,DATASET!$K:$K,0),10,,,"DATASET"))} -> Dc
A11: CALABRESI | B11: {=INDIRECT(ADDRESS(MATCH(A11,DATASET!$K:$K,0),12,,,"DATASET"))} -> PIS | C11: {=INDIRECT(ADDRESS(MATCH(A11,DATASET!$K:$K,0),10,,,"DATASET"))} -> B, Dd, E | E11: VITIK | F11: {=INDIRECT(ADDRESS(MATCH(E11,DATASET!$K:$K,0),12,,,"DATASET"))} -> BOL | G11: {=INDIRECT(ADDRESS(MATCH(E11,DATASET!$K:$K,0),10,,,"DATASET"))} -> Dc | I11: TIAGO GABRIEL | J11: {=INDIRECT(ADDRESS(MATCH(I11,DATASET!$K:$K,0),12,,,"DATASET"))} -> LEC | K11: {=INDIRECT(ADDRESS(MATCH(I11,DATASET!$K:$K,0),10,,,"DATASET"))} -> Dc | M11: SCALVINI | N11: {=INDIRECT(ADDRESS(MATCH(M11,DATASET!$K:$K,0),12,,,"DATASET"))} -> ATA | O11: {=INDIRECT(ADDRESS(MATCH(M11,DATASET!$K:$K,0),10,,,"DATASET"))} -> Dc | Q11: OSTIGARD | R11: {=INDIRECT(ADDRESS(MATCH(Q11,DATASET!$K:$K,0),12,,,"DATASET"))} -> GEN | S11: {=INDIRECT(ADDRESS(MATCH(Q11,DATASET!$K:$K,0),10,,,"DATASET"))} -> Dc | U11: VASQUEZ | V11: {=INDIRECT(ADDRESS(MATCH(U11,DATASET!$K:$K,0),12,,,"DATASET"))} -> GEN | W11: {=INDIRECT(ADDRESS(MATCH(U11,DATASET!$K:$K,0),10,,,"DATASET"))} -> Dc, Ds | Y11: RRAHMANI | Z11: {=INDIRECT(ADDRESS(MATCH(Y11,DATASET!$K:$K,0),12,,,"DATASET"))} -> NAP | AA11: {=INDIRECT(ADDRESS(MATCH(Y11,DATASET!$K:$K,0),10,,,"DATASET"))} -> Dc | AC11: MATEUS LUSUARDI | AD11: {=INDIRECT(ADDRESS(MATCH(AC11,DATASET!$K:$K,0),12,,,"DATASET"))} -> PIS | AE11: {=INDIRECT(ADDRESS(MATCH(AC11,DATASET!$K:$K,0),10,,,"DATASET"))} -> Dc | AG11: CABAL | AH11: {=INDIRECT(ADDRESS(MATCH(AG11,DATASET!$K:$K,0),12,,,"DATASET"))} -> JUV | AI11: {=INDIRECT(ADDRESS(MATCH(AG11,DATASET!$K:$K,0),10,,,"DATASET"))} -> B, Ds, E | AK11: CARLOS AUGUSTO | AL11: {=INDIRECT(ADDRESS(MATCH(AK11,DATASET!$K:$K,0),12,,,"DATASET"))} -> INT | AM11: {=INDIRECT(ADDRESS(MATCH(AK11,DATASET!$K:$K,0),10,,,"DATASET"))} -> B, Ds, E | AO11: VITI | AP11: {=INDIRECT(ADDRESS(MATCH(AO11,DATASET!$K:$K,0),12,,,"DATASET"))} -> FIO | AQ11: {=INDIRECT(ADDRESS(MATCH(AO11,DATASET!$K:$K,0),10,,,"DATASET"))} -> Dc | AS11: ESTUPINAN | AT11: {=INDIRECT(ADDRESS(MATCH(AS11,DATASET!$K:$K,0),12,,,"DATASET"))} -> MIL | AU11: {=INDIRECT(ADDRESS(MATCH(AS11,DATASET!$K:$K,0),10,,,"DATASET"))} -> Ds, E | AW11: VASQUEZ | AX11: {=INDIRECT(ADDRESS(MATCH(AW11,DATASET!$K:$K,0),12,,,"DATASET"))} -> GEN | AY11: {=INDIRECT(ADDRESS(MATCH(AW11,DATASET!$K:$K,0),10,,,"DATASET"))} -> Dc, Ds | BA11: MARUSIC | BB11: {=INDIRECT(ADDRESS(MATCH(BA11,DATASET!$K:$K,0),12,,,"DATASET"))} -> LAZ | BC11: {=INDIRECT(ADDRESS(MATCH(BA11,DATASET!$K:$K,0),10,,,"DATASET"))} -> Ds, Dd, E | BE11: MARTIN | BF11: {=INDIRECT(ADDRESS(MATCH(BE11,DATASET!$K:$K,0),12,,,"DATASET"))} -> GEN | BG11: {=INDIRECT(ADDRESS(MATCH(BE11,DATASET!$K:$K,0),10,,,"DATASET"))} -> Ds, E | BI11: HEGGEM | BJ11: {=INDIRECT(ADDRESS(MATCH(BI11,DATASET!$K:$K,0),12,,,"DATASET"))} -> BOL | BK11: {=INDIRECT(ADDRESS(MATCH(BI11,DATASET!$K:$K,0),10,,,"DATASET"))} -> Dc, Ds | BM11: TOMORI | BN11: {=INDIRECT(ADDRESS(MATCH(BM11,DATASET!$K:$K,0),12,,,"DATASET"))} -> MIL | BO11: {=INDIRECT(ADDRESS(MATCH(BM11,DATASET!$K:$K,0),10,,,"DATASET"))} -> Dc | BQ11: PAVLOVIC | BR11: {=INDIRECT(ADDRESS(MATCH(BQ11,DATASET!$K:$K,0),12,,,"DATASET"))} -> MIL | BS11: {=INDIRECT(ADDRESS(MATCH(BQ11,DATASET!$K:$K,0),10,,,"DATASET"))} -> Dc | BU11: KEMPF | BV11: {=INDIRECT(ADDRESS(MATCH(BU11,DATASET!$K:$K,0),12,,,"DATASET"))} -> COM | BW11: {=INDIRECT(ADDRESS(MATCH(BU11,DATASET!$K:$K,0),10,,,"DATASET"))} -> Dc | BY11: DELPRATO | BZ11: {=INDIRECT(ADDRESS(MATCH(BY11,DATASET!$K:$K,0),12,,,"DATASET"))} -> PAR | CA11: {=INDIRECT(ADDRESS(MATCH(BY11,DATASET!$K:$K,0),10,,,"DATASET"))} -> B, Dd, E | CC11: DARMIAN | CD11: {=INDIRECT(ADDRESS(MATCH(CC11,DATASET!$K:$K,0),12,,,"DATASET"))} -> INT | CE11: {=INDIRECT(ADDRESS(MATCH(CC11,DATASET!$K:$K,0),10,,,"DATASET"))} -> B, Dd, E | CG11: ESTUPINAN | CH11: {=INDIRECT(ADDRESS(MATCH(CG11,DATASET!$K:$K,0),12,,,"DATASET"))} -> MIL | CI11: {=INDIRECT(ADDRESS(MATCH(CG11,DATASET!$K:$K,0),10,,,"DATASET"))} -> Ds, E | CK11: DELPRATO | CL11: {=INDIRECT(ADDRESS(MATCH(CK11,DATASET!$K:$K,0),12,,,"DATASET"))} -> PAR | CM11: {=INDIRECT(ADDRESS(MATCH(CK11,DATASET!$K:$K,0),10,,,"DATASET"))} -> B, Dd, E | CO11: WALUKIEWICZ | CP11: {=INDIRECT(ADDRESS(MATCH(CO11,DATASET!$K:$K,0),12,,,"DATASET"))} -> SAS | CQ11: {=INDIRECT(ADDRESS(MATCH(CO11,DATASET!$K:$K,0),10,,,"DATASET"))} -> Dc, Dd | CS11: MARIPAN | CT11: {=INDIRECT(ADDRESS(MATCH(CS11,DATASET!$K:$K,0),12,,,"DATASET"))} -> TOR | CU11: {=INDIRECT(ADDRESS(MATCH(CS11,DATASET!$K:$K,0),10,,,"DATASET"))} -> Dc | CW11: TIAGO GABRIEL | CX11: {=INDIRECT(ADDRESS(MATCH(CW11,DATASET!$K:$K,0),12,,,"DATASET"))} -> LEC | CY11: {=INDIRECT(ADDRESS(MATCH(CW11,DATASET!$K:$K,0),10,,,"DATASET"))} -> Dc | DA11: MARCANDALLI | DB11: {=INDIRECT(ADDRESS(MATCH(DA11,DATASET!$K:$K,0),12,,,"DATASET"))} -> GEN | DC11: {=INDIRECT(ADDRESS(MATCH(DA11,DATASET!$K:$K,0),10,,,"DATASET"))} -> Dc | DE11: TOMORI | DF11: {=INDIRECT(ADDRESS(MATCH(DE11,DATASET!$K:$K,0),12,,,"DATASET"))} -> MIL | DG11: {=INDIRECT(ADDRESS(MATCH(DE11,DATASET!$K:$K,0),10,,,"DATASET"))} -> Dc | DI11: NDIAYE | DJ11: {=INDIRECT(ADDRESS(MATCH(DI11,DATASET!$K:$K,0),12,,,"DATASET"))} -> PAR | DK11: {=INDIRECT(ADDRESS(MATCH(DI11,DATASET!$K:$K,0),10,,,"DATASET"))} -> Dc | DM11: KOLASINAC | DN11: {=INDIRECT(ADDRESS(MATCH(DM11,DATASET!$K:$K,0),12,,,"DATASET"))} -> ATA | DO11: {=INDIRECT(ADDRESS(MATCH(DM11,DATASET!$K:$K,0),10,,,"DATASET"))} -> B, Ds, E | DQ11: MUHAREMOVIC | DR11: {=INDIRECT(ADDRESS(MATCH(DQ11,DATASET!$K:$K,0),12,,,"DATASET"))} -> SAS | DS11: {=INDIRECT(ADDRESS(MATCH(DQ11,DATASET!$K:$K,0),10,,,"DATASET"))} -> Dc | DU11: N'DICKA | DV11: {=INDIRECT(ADDRESS(MATCH(DU11,DATASET!$K:$K,0),12,,,"DATASET"))} -> ROM | DW11: {=INDIRECT(ADDRESS(MATCH(DU11,DATASET!$K:$K,0),10,,,"DATASET"))} -> Dc | DY11: TROILO | DZ11: {=INDIRECT(ADDRESS(MATCH(DY11,DATASET!$K:$K,0),12,,,"DATASET"))} -> PAR | EA11: {=INDIRECT(ADDRESS(MATCH(DY11,DATASET!$K:$K,0),10,,,"DATASET"))} -> Dc | EC11: ZAPPA | ED11: {=INDIRECT(ADDRESS(MATCH(EC11,DATASET!$K:$K,0),12,,,"DATASET"))} -> CAG | EE11: {=INDIRECT(ADDRESS(MATCH(EC11,DATASET!$K:$K,0),10,,,"DATASET"))} -> B, Dd, E | EG11: RRAHMANI | EH11: {=INDIRECT(ADDRESS(MATCH(EG11,DATASET!$K:$K,0),12,,,"DATASET"))} -> NAP | EI11: {=INDIRECT(ADDRESS(MATCH(EG11,DATASET!$K:$K,0),10,,,"DATASET"))} -> Dc | EK11: TOMORI | EL11: {=INDIRECT(ADDRESS(MATCH(EK11,DATASET!$K:$K,0),12,,,"DATASET"))} -> MIL | EM11: {=INDIRECT(ADDRESS(MATCH(EK11,DATASET!$K:$K,0),10,,,"DATASET"))} -> Dc | EO11: MARTIN | EP11: {=INDIRECT(ADDRESS(MATCH(EO11,DATASET!$K:$K,0),12,,,"DATASET"))} -> GEN | EQ11: {=INDIRECT(ADDRESS(MATCH(EO11,DATASET!$K:$K,0),10,,,"DATASET"))} -> Ds, E | ES11: OBERT | ET11: {=INDIRECT(ADDRESS(MATCH(ES11,DATASET!$K:$K,0),12,,,"DATASET"))} -> CAG | EU11: {=INDIRECT(ADDRESS(MATCH(ES11,DATASET!$K:$K,0),10,,,"DATASET"))} -> Dc, Ds | EW11: CARLOS AUGUSTO | EX11: {=INDIRECT(ADDRESS(MATCH(EW11,DATASET!$K:$K,0),12,,,"DATASET"))} -> INT | EY11: {=INDIRECT(ADDRESS(MATCH(EW11,DATASET!$K:$K,0),10,,,"DATASET"))} -> B, Ds, E | FA11: SCALVINI | FB11: {=INDIRECT(ADDRESS(MATCH(FA11,DATASET!$K:$K,0),12,,,"DATASET"))} -> ATA | FC11: {=INDIRECT(ADDRESS(MATCH(FA11,DATASET!$K:$K,0),10,,,"DATASET"))} -> Dc
A12: DELPRATO | B12: {=INDIRECT(ADDRESS(MATCH(A12,DATASET!$K:$K,0),12,,,"DATASET"))} -> PAR | C12: {=INDIRECT(ADDRESS(MATCH(A12,DATASET!$K:$K,0),10,,,"DATASET"))} -> B, Dd, E | E12: RENSCH | F12: {=INDIRECT(ADDRESS(MATCH(E12,DATASET!$K:$K,0),12,,,"DATASET"))} -> ROM | G12: {=INDIRECT(ADDRESS(MATCH(E12,DATASET!$K:$K,0),10,,,"DATASET"))} -> B, Dd, E | I12: VALENTI | J12: {=INDIRECT(ADDRESS(MATCH(I12,DATASET!$K:$K,0),12,,,"DATASET"))} -> PAR | K12: {=INDIRECT(ADDRESS(MATCH(I12,DATASET!$K:$K,0),10,,,"DATASET"))} -> Dc | M12: KOLASINAC | N12: {=INDIRECT(ADDRESS(MATCH(M12,DATASET!$K:$K,0),12,,,"DATASET"))} -> ATA | O12: {=INDIRECT(ADDRESS(MATCH(M12,DATASET!$K:$K,0),10,,,"DATASET"))} -> B, Ds, E | Q12: TROILO | R12: {=INDIRECT(ADDRESS(MATCH(Q12,DATASET!$K:$K,0),12,,,"DATASET"))} -> PAR | S12: {=INDIRECT(ADDRESS(MATCH(Q12,DATASET!$K:$K,0),10,,,"DATASET"))} -> Dc | U12: ESTUPINAN | V12: {=INDIRECT(ADDRESS(MATCH(U12,DATASET!$K:$K,0),12,,,"DATASET"))} -> MIL | W12: {=INDIRECT(ADDRESS(MATCH(U12,DATASET!$K:$K,0),10,,,"DATASET"))} -> Ds, E | Y12: GASPAR K. | Z12: {=INDIRECT(ADDRESS(MATCH(Y12,DATASET!$K:$K,0),12,,,"DATASET"))} -> LEC | AA12: {=INDIRECT(ADDRESS(MATCH(Y12,DATASET!$K:$K,0),10,,,"DATASET"))} -> Dc | AC12: PONGRACIC | AD12: {=INDIRECT(ADDRESS(MATCH(AC12,DATASET!$K:$K,0),12,,,"DATASET"))} -> FIO | AE12: {=INDIRECT(ADDRESS(MATCH(AC12,DATASET!$K:$K,0),10,,,"DATASET"))} -> Dc | AG12: VALERI | AH12: {=INDIRECT(ADDRESS(MATCH(AG12,DATASET!$K:$K,0),12,,,"DATASET"))} -> PAR | AI12: {=INDIRECT(ADDRESS(MATCH(AG12,DATASET!$K:$K,0),10,,,"DATASET"))} -> Ds, E | AK12: CAMBIASO | AL12: {=INDIRECT(ADDRESS(MATCH(AK12,DATASET!$K:$K,0),12,,,"DATASET"))} -> JUV | AM12: {=INDIRECT(ADDRESS(MATCH(AK12,DATASET!$K:$K,0),10,,,"DATASET"))} -> E | AO12: KRISTENSEN T. | AP12: {=INDIRECT(ADDRESS(MATCH(AO12,DATASET!$K:$K,0),12,,,"DATASET"))} -> UDI | AQ12: {=INDIRECT(ADDRESS(MATCH(AO12,DATASET!$K:$K,0),10,,,"DATASET"))} -> Dc, Dd | AS12: KAMARA H. | AT12: {=INDIRECT(ADDRESS(MATCH(AS12,DATASET!$K:$K,0),12,,,"DATASET"))} -> UDI | AU12: {=INDIRECT(ADDRESS(MATCH(AS12,DATASET!$K:$K,0),10,,,"DATASET"))} -> Ds, E | AW12: ZAPPA | AX12: {=INDIRECT(ADDRESS(MATCH(AW12,DATASET!$K:$K,0),12,,,"DATASET"))} -> CAG | AY12: {=INDIRECT(ADDRESS(MATCH(AW12,DATASET!$K:$K,0),10,,,"DATASET"))} -> B, Dd, E | BA12: SABELLI | BB12: {=INDIRECT(ADDRESS(MATCH(BA12,DATASET!$K:$K,0),12,,,"DATASET"))} -> GEN | BC12: {=INDIRECT(ADDRESS(MATCH(BA12,DATASET!$K:$K,0),10,,,"DATASET"))} -> Ds, Dd, E | BE12: TAVARES N. | BF12: {=INDIRECT(ADDRESS(MATCH(BE12,DATASET!$K:$K,0),12,,,"DATASET"))} -> LAZ | BG12: {=INDIRECT(ADDRESS(MATCH(BE12,DATASET!$K:$K,0),10,,,"DATASET"))} -> Ds, E | BI12: LYKOGIANNIS | BJ12: {=INDIRECT(ADDRESS(MATCH(BI12,DATASET!$K:$K,0),12,,,"DATASET"))} -> BOL | BK12: {=INDIRECT(ADDRESS(MATCH(BI12,DATASET!$K:$K,0),10,,,"DATASET"))} -> Ds, E | BM12: RENSCH | BN12: {=INDIRECT(ADDRESS(MATCH(BM12,DATASET!$K:$K,0),12,,,"DATASET"))} -> ROM | BO12: {=INDIRECT(ADDRESS(MATCH(BM12,DATASET!$K:$K,0),10,,,"DATASET"))} -> B, Dd, E | BQ12: RANIERI L. | BR12: {=INDIRECT(ADDRESS(MATCH(BQ12,DATASET!$K:$K,0),12,,,"DATASET"))} -> FIO | BS12: {=INDIRECT(ADDRESS(MATCH(BQ12,DATASET!$K:$K,0),10,,,"DATASET"))} -> Dc, Ds | BU12: OSTIGARD | BV12: {=INDIRECT(ADDRESS(MATCH(BU12,DATASET!$K:$K,0),12,,,"DATASET"))} -> GEN | BW12: {=INDIRECT(ADDRESS(MATCH(BU12,DATASET!$K:$K,0),10,,,"DATASET"))} -> Dc | BY12: ANGORI | BZ12: {=INDIRECT(ADDRESS(MATCH(BY12,DATASET!$K:$K,0),12,,,"DATASET"))} -> PIS | CA12: {=INDIRECT(ADDRESS(MATCH(BY12,DATASET!$K:$K,0),10,,,"DATASET"))} -> Ds, E | CC12: ANGELINO | CD12: {=INDIRECT(ADDRESS(MATCH(CC12,DATASET!$K:$K,0),12,,,"DATASET"))} -> ROM | CE12: {=INDIRECT(ADDRESS(MATCH(CC12,DATASET!$K:$K,0),10,,,"DATASET"))} -> E | CG12: MARUSIC | CH12: {=INDIRECT(ADDRESS(MATCH(CG12,DATASET!$K:$K,0),12,,,"DATASET"))} -> LAZ | CI12: {=INDIRECT(ADDRESS(MATCH(CG12,DATASET!$K:$K,0),10,,,"DATASET"))} -> Ds, Dd, E | CK12: GOSENS | CL12: {=INDIRECT(ADDRESS(MATCH(CK12,DATASET!$K:$K,0),12,,,"DATASET"))} -> FIO | CM12: {=INDIRECT(ADDRESS(MATCH(CK12,DATASET!$K:$K,0),10,,,"DATASET"))} -> E | CO12: MIRANDA J. | CP12: {=INDIRECT(ADDRESS(MATCH(CO12,DATASET!$K:$K,0),12,,,"DATASET"))} -> BOL | CQ12: {=INDIRECT(ADDRESS(MATCH(CO12,DATASET!$K:$K,0),10,,,"DATASET"))} -> Ds, E | CS12: UNAI NUNEZ | CT12: {=INDIRECT(ADDRESS(MATCH(CS12,DATASET!$K:$K,0),12,,,"DATASET"))} -> VER | CU12: {=INDIRECT(ADDRESS(MATCH(CS12,DATASET!$K:$K,0),10,,,"DATASET"))} -> Dc | CW12: TERRACCIANO F. | CX12: {=INDIRECT(ADDRESS(MATCH(CW12,DATASET!$K:$K,0),12,,,"DATASET"))} -> CRE | CY12: {=INDIRECT(ADDRESS(MATCH(CW12,DATASET!$K:$K,0),10,,,"DATASET"))} -> Ds, Dd, E | DA12: OBERT | DB12: {=INDIRECT(ADDRESS(MATCH(DA12,DATASET!$K:$K,0),12,,,"DATASET"))} -> CAG | DC12: {=INDIRECT(ADDRESS(MATCH(DA12,DATASET!$K:$K,0),10,,,"DATASET"))} -> Dc, Ds | DE12: RENSCH | DF12: {=INDIRECT(ADDRESS(MATCH(DE12,DATASET!$K:$K,0),12,,,"DATASET"))} -> ROM | DG12: {=INDIRECT(ADDRESS(MATCH(DE12,DATASET!$K:$K,0),10,,,"DATASET"))} -> B, Dd, E | DI12: RENSCH | DJ12: {=INDIRECT(ADDRESS(MATCH(DI12,DATASET!$K:$K,0),12,,,"DATASET"))} -> ROM | DK12: {=INDIRECT(ADDRESS(MATCH(DI12,DATASET!$K:$K,0),10,,,"DATASET"))} -> B, Dd, E | DM12: GALLO | DN12: {=INDIRECT(ADDRESS(MATCH(DM12,DATASET!$K:$K,0),12,,,"DATASET"))} -> LEC | DO12: {=INDIRECT(ADDRESS(MATCH(DM12,DATASET!$K:$K,0),10,,,"DATASET"))} -> Ds, E | DQ12: DARMIAN | DR12: {=INDIRECT(ADDRESS(MATCH(DQ12,DATASET!$K:$K,0),12,,,"DATASET"))} -> INT | DS12: {=INDIRECT(ADDRESS(MATCH(DQ12,DATASET!$K:$K,0),10,,,"DATASET"))} -> B, Dd, E | DU12: ROMAGNOLI | DV12: {=INDIRECT(ADDRESS(MATCH(DU12,DATASET!$K:$K,0),12,,,"DATASET"))} -> LAZ | DW12: {=INDIRECT(ADDRESS(MATCH(DU12,DATASET!$K:$K,0),10,,,"DATASET"))} -> Dc | DY12: VITIK | DZ12: {=INDIRECT(ADDRESS(MATCH(DY12,DATASET!$K:$K,0),12,,,"DATASET"))} -> BOL | EA12: {=INDIRECT(ADDRESS(MATCH(DY12,DATASET!$K:$K,0),10,,,"DATASET"))} -> Dc | EC12: DOIG | ED12: {=INDIRECT(ADDRESS(MATCH(EC12,DATASET!$K:$K,0),12,,,"DATASET"))} -> SAS | EE12: {=INDIRECT(ADDRESS(MATCH(EC12,DATASET!$K:$K,0),10,,,"DATASET"))} -> Ds, E | EG12: UNAI NUNEZ | EH12: {=INDIRECT(ADDRESS(MATCH(EG12,DATASET!$K:$K,0),12,,,"DATASET"))} -> VER | EI12: {=INDIRECT(ADDRESS(MATCH(EG12,DATASET!$K:$K,0),10,,,"DATASET"))} -> Dc | EK12: MARUSIC | EL12: {=INDIRECT(ADDRESS(MATCH(EK12,DATASET!$K:$K,0),12,,,"DATASET"))} -> LAZ | EM12: {=INDIRECT(ADDRESS(MATCH(EK12,DATASET!$K:$K,0),10,,,"DATASET"))} -> Ds, Dd, E | EO12: VALERI | EP12: {=INDIRECT(ADDRESS(MATCH(EO12,DATASET!$K:$K,0),12,,,"DATASET"))} -> PAR | EQ12: {=INDIRECT(ADDRESS(MATCH(EO12,DATASET!$K:$K,0),10,,,"DATASET"))} -> Ds, E | ES12: DELPRATO | ET12: {=INDIRECT(ADDRESS(MATCH(ES12,DATASET!$K:$K,0),12,,,"DATASET"))} -> PAR | EU12: {=INDIRECT(ADDRESS(MATCH(ES12,DATASET!$K:$K,0),10,,,"DATASET"))} -> B, Dd, E | EW12: GUTIERREZ | EX12: {=INDIRECT(ADDRESS(MATCH(EW12,DATASET!$K:$K,0),12,,,"DATASET"))} -> NAP | EY12: {=INDIRECT(ADDRESS(MATCH(EW12,DATASET!$K:$K,0),10,,,"DATASET"))} -> Ds, E | FA12: TIAGO GABRIEL | FB12: {=INDIRECT(ADDRESS(MATCH(FA12,DATASET!$K:$K,0),12,,,"DATASET"))} -> LEC | FC12: {=INDIRECT(ADDRESS(MATCH(FA12,DATASET!$K:$K,0),10,,,"DATASET"))} -> Dc
A13: MARTIN | B13: {=INDIRECT(ADDRESS(MATCH(A13,DATASET!$K:$K,0),12,,,"DATASET"))} -> GEN | C13: {=INDIRECT(ADDRESS(MATCH(A13,DATASET!$K:$K,0),10,,,"DATASET"))} -> Ds, E | E13: TAVARES N. | F13: {=INDIRECT(ADDRESS(MATCH(E13,DATASET!$K:$K,0),12,,,"DATASET"))} -> LAZ | G13: {=INDIRECT(ADDRESS(MATCH(E13,DATASET!$K:$K,0),10,,,"DATASET"))} -> Ds, E | I13: CELIK | J13: {=INDIRECT(ADDRESS(MATCH(I13,DATASET!$K:$K,0),12,,,"DATASET"))} -> ROM | K13: {=INDIRECT(ADDRESS(MATCH(I13,DATASET!$K:$K,0),10,,,"DATASET"))} -> B, Dd, E | M13: PEZZELLA GIU. | N13: {=INDIRECT(ADDRESS(MATCH(M13,DATASET!$K:$K,0),12,,,"DATASET"))} -> CRE | O13: {=INDIRECT(ADDRESS(MATCH(M13,DATASET!$K:$K,0),10,,,"DATASET"))} -> Ds, E | Q13: DARMIAN | R13: {=INDIRECT(ADDRESS(MATCH(Q13,DATASET!$K:$K,0),12,,,"DATASET"))} -> INT | S13: {=INDIRECT(ADDRESS(MATCH(Q13,DATASET!$K:$K,0),10,,,"DATASET"))} -> B, Dd, E | U13: MARUSIC | V13: {=INDIRECT(ADDRESS(MATCH(U13,DATASET!$K:$K,0),12,,,"DATASET"))} -> LAZ | W13: {=INDIRECT(ADDRESS(MATCH(U13,DATASET!$K:$K,0),10,,,"DATASET"))} -> Ds, Dd, E | Y13: LYKOGIANNIS | Z13: {=INDIRECT(ADDRESS(MATCH(Y13,DATASET!$K:$K,0),12,,,"DATASET"))} -> BOL | AA13: {=INDIRECT(ADDRESS(MATCH(Y13,DATASET!$K:$K,0),10,,,"DATASET"))} -> Ds, E | AC13: ZAPPA | AD13: {=INDIRECT(ADDRESS(MATCH(AC13,DATASET!$K:$K,0),12,,,"DATASET"))} -> CAG | AE13: {=INDIRECT(ADDRESS(MATCH(AC13,DATASET!$K:$K,0),10,,,"DATASET"))} -> B, Dd, E | AG13: VALLE | AH13: {=INDIRECT(ADDRESS(MATCH(AG13,DATASET!$K:$K,0),12,,,"DATASET"))} -> COM | AI13: {=INDIRECT(ADDRESS(MATCH(AG13,DATASET!$K:$K,0),10,,,"DATASET"))} -> Ds, E | AK13: ZALEWSKI | AL13: {=INDIRECT(ADDRESS(MATCH(AK13,DATASET!$K:$K,0),12,,,"DATASET"))} -> ATA | AM13: {=INDIRECT(ADDRESS(MATCH(AK13,DATASET!$K:$K,0),10,,,"DATASET"))} -> E, W | AO13: LAZARO | AP13: {=INDIRECT(ADDRESS(MATCH(AO13,DATASET!$K:$K,0),12,,,"DATASET"))} -> TOR | AQ13: {=INDIRECT(ADDRESS(MATCH(AO13,DATASET!$K:$K,0),10,,,"DATASET"))} -> Dd, E | AS13: VAN DER BREMPT | AT13: {=INDIRECT(ADDRESS(MATCH(AS13,DATASET!$K:$K,0),12,,,"DATASET"))} -> COM | AU13: {=INDIRECT(ADDRESS(MATCH(AS13,DATASET!$K:$K,0),10,,,"DATASET"))} -> Dd, E | AW13: EHIZIBUE | AX13: {=INDIRECT(ADDRESS(MATCH(AW13,DATASET!$K:$K,0),12,,,"DATASET"))} -> UDI | AY13: {=INDIRECT(ADDRESS(MATCH(AW13,DATASET!$K:$K,0),10,,,"DATASET"))} -> Dd, E | BA13: VALERI | BB13: {=INDIRECT(ADDRESS(MATCH(BA13,DATASET!$K:$K,0),12,,,"DATASET"))} -> PAR | BC13: {=INDIRECT(ADDRESS(MATCH(BA13,DATASET!$K:$K,0),10,,,"DATASET"))} -> Ds, E | BE13: DI LORENZO | BF13: {=INDIRECT(ADDRESS(MATCH(BE13,DATASET!$K:$K,0),12,,,"DATASET"))} -> NAP | BG13: {=INDIRECT(ADDRESS(MATCH(BE13,DATASET!$K:$K,0),10,,,"DATASET"))} -> Dd, E | BI13: MIRANDA J. | BJ13: {=INDIRECT(ADDRESS(MATCH(BI13,DATASET!$K:$K,0),12,,,"DATASET"))} -> BOL | BK13: {=INDIRECT(ADDRESS(MATCH(BI13,DATASET!$K:$K,0),10,,,"DATASET"))} -> Ds, E | BM13: DOIG | BN13: {=INDIRECT(ADDRESS(MATCH(BM13,DATASET!$K:$K,0),12,,,"DATASET"))} -> SAS | BO13: {=INDIRECT(ADDRESS(MATCH(BM13,DATASET!$K:$K,0),10,,,"DATASET"))} -> Ds, E | BQ13: GUTIERREZ | BR13: {=INDIRECT(ADDRESS(MATCH(BQ13,DATASET!$K:$K,0),12,,,"DATASET"))} -> NAP | BS13: {=INDIRECT(ADDRESS(MATCH(BQ13,DATASET!$K:$K,0),10,,,"DATASET"))} -> Ds, E | BU13: CARLOS AUGUSTO | BV13: {=INDIRECT(ADDRESS(MATCH(BU13,DATASET!$K:$K,0),12,,,"DATASET"))} -> INT | BW13: {=INDIRECT(ADDRESS(MATCH(BU13,DATASET!$K:$K,0),10,,,"DATASET"))} -> B, Ds, E | BY13: FRESE | BZ13: {=INDIRECT(ADDRESS(MATCH(BY13,DATASET!$K:$K,0),12,,,"DATASET"))} -> VER | CA13: {=INDIRECT(ADDRESS(MATCH(BY13,DATASET!$K:$K,0),10,,,"DATASET"))} -> Ds, E | CC13: WESLEY | CD13: {=INDIRECT(ADDRESS(MATCH(CC13,DATASET!$K:$K,0),12,,,"DATASET"))} -> ROM | CE13: {=INDIRECT(ADDRESS(MATCH(CC13,DATASET!$K:$K,0),10,,,"DATASET"))} -> E | CG13: OLIVERA | CH13: {=INDIRECT(ADDRESS(MATCH(CG13,DATASET!$K:$K,0),12,,,"DATASET"))} -> NAP | CI13: {=INDIRECT(ADDRESS(MATCH(CG13,DATASET!$K:$K,0),10,,,"DATASET"))} -> Ds, E | CK13: JOAO MARIO | CL13: {=INDIRECT(ADDRESS(MATCH(CK13,DATASET!$K:$K,0),12,,,"DATASET"))} -> JUV | CM13: {=INDIRECT(ADDRESS(MATCH(CK13,DATASET!$K:$K,0),10,,,"DATASET"))} -> E | CO13: DIMARCO | CP13: {=INDIRECT(ADDRESS(MATCH(CO13,DATASET!$K:$K,0),12,,,"DATASET"))} -> INT | CQ13: {=INDIRECT(ADDRESS(MATCH(CO13,DATASET!$K:$K,0),10,,,"DATASET"))} -> E | CS13: EHIZIBUE | CT13: {=INDIRECT(ADDRESS(MATCH(CS13,DATASET!$K:$K,0),12,,,"DATASET"))} -> UDI | CU13: {=INDIRECT(ADDRESS(MATCH(CS13,DATASET!$K:$K,0),10,,,"DATASET"))} -> Dd, E | CW13: VALERI | CX13: {=INDIRECT(ADDRESS(MATCH(CW13,DATASET!$K:$K,0),12,,,"DATASET"))} -> PAR | CY13: {=INDIRECT(ADDRESS(MATCH(CW13,DATASET!$K:$K,0),10,,,"DATASET"))} -> Ds, E | DA13: OSTIGARD | DB13: {=INDIRECT(ADDRESS(MATCH(DA13,DATASET!$K:$K,0),12,,,"DATASET"))} -> GEN | DC13: {=INDIRECT(ADDRESS(MATCH(DA13,DATASET!$K:$K,0),10,,,"DATASET"))} -> Dc | DE13: DOIG | DF13: {=INDIRECT(ADDRESS(MATCH(DE13,DATASET!$K:$K,0),12,,,"DATASET"))} -> SAS | DG13: {=INDIRECT(ADDRESS(MATCH(DE13,DATASET!$K:$K,0),10,,,"DATASET"))} -> Ds, E | DI13: ZAPPA | DJ13: {=INDIRECT(ADDRESS(MATCH(DI13,DATASET!$K:$K,0),12,,,"DATASET"))} -> CAG | DK13: {=INDIRECT(ADDRESS(MATCH(DI13,DATASET!$K:$K,0),10,,,"DATASET"))} -> B, Dd, E | DM13: TAVARES N. | DN13: {=INDIRECT(ADDRESS(MATCH(DM13,DATASET!$K:$K,0),12,,,"DATASET"))} -> LAZ | DO13: {=INDIRECT(ADDRESS(MATCH(DM13,DATASET!$K:$K,0),10,,,"DATASET"))} -> Ds, E | DQ13: BARBIERI | DR13: {=INDIRECT(ADDRESS(MATCH(DQ13,DATASET!$K:$K,0),12,,,"DATASET"))} -> CRE | DS13: {=INDIRECT(ADDRESS(MATCH(DQ13,DATASET!$K:$K,0),10,,,"DATASET"))} -> Ds, Dd, E | DU13: VASQUEZ | DV13: {=INDIRECT(ADDRESS(MATCH(DU13,DATASET!$K:$K,0),12,,,"DATASET"))} -> GEN | DW13: {=INDIRECT(ADDRESS(MATCH(DU13,DATASET!$K:$K,0),10,,,"DATASET"))} -> Dc, Ds | DY13: CALABRESI | DZ13: {=INDIRECT(ADDRESS(MATCH(DY13,DATASET!$K:$K,0),12,,,"DATASET"))} -> PIS | EA13: {=INDIRECT(ADDRESS(MATCH(DY13,DATASET!$K:$K,0),10,,,"DATASET"))} -> B, Dd, E | EC13: ESTUPINAN | ED13: {=INDIRECT(ADDRESS(MATCH(EC13,DATASET!$K:$K,0),12,,,"DATASET"))} -> MIL | EE13: {=INDIRECT(ADDRESS(MATCH(EC13,DATASET!$K:$K,0),10,,,"DATASET"))} -> Ds, E | EG13: PEZZELLA GIU. | EH13: {=INDIRECT(ADDRESS(MATCH(EG13,DATASET!$K:$K,0),12,,,"DATASET"))} -> CRE | EI13: {=INDIRECT(ADDRESS(MATCH(EG13,DATASET!$K:$K,0),10,,,"DATASET"))} -> Ds, E | EK13: SABELLI | EL13: {=INDIRECT(ADDRESS(MATCH(EK13,DATASET!$K:$K,0),12,,,"DATASET"))} -> GEN | EM13: {=INDIRECT(ADDRESS(MATCH(EK13,DATASET!$K:$K,0),10,,,"DATASET"))} -> Ds, Dd, E | EO13: DI LORENZO | EP13: {=INDIRECT(ADDRESS(MATCH(EO13,DATASET!$K:$K,0),12,,,"DATASET"))} -> NAP | EQ13: {=INDIRECT(ADDRESS(MATCH(EO13,DATASET!$K:$K,0),10,,,"DATASET"))} -> Dd, E | ES13: ANGORI | ET13: {=INDIRECT(ADDRESS(MATCH(ES13,DATASET!$K:$K,0),12,,,"DATASET"))} -> PIS | EU13: {=INDIRECT(ADDRESS(MATCH(ES13,DATASET!$K:$K,0),10,,,"DATASET"))} -> Ds, E | EW13: TERRACCIANO F. | EX13: {=INDIRECT(ADDRESS(MATCH(EW13,DATASET!$K:$K,0),12,,,"DATASET"))} -> CRE | EY13: {=INDIRECT(ADDRESS(MATCH(EW13,DATASET!$K:$K,0),10,,,"DATASET"))} -> Ds, Dd, E | FA13: VALLE | FB13: {=INDIRECT(ADDRESS(MATCH(FA13,DATASET!$K:$K,0),12,,,"DATASET"))} -> COM | FC13: {=INDIRECT(ADDRESS(MATCH(FA13,DATASET!$K:$K,0),10,,,"DATASET"))} -> Ds, E
A14: COLLOCOLO | B14: {=INDIRECT(ADDRESS(MATCH(A14,DATASET!$K:$K,0),12,,,"DATASET"))} -> CRE | C14: {=INDIRECT(ADDRESS(MATCH(A14,DATASET!$K:$K,0),10,,,"DATASET"))} -> M, C | E14: TERRACCIANO F. | F14: {=INDIRECT(ADDRESS(MATCH(E14,DATASET!$K:$K,0),12,,,"DATASET"))} -> CRE | G14: {=INDIRECT(ADDRESS(MATCH(E14,DATASET!$K:$K,0),10,,,"DATASET"))} -> Ds, Dd, E | I14: ANGORI | J14: {=INDIRECT(ADDRESS(MATCH(I14,DATASET!$K:$K,0),12,,,"DATASET"))} -> PIS | K14: {=INDIRECT(ADDRESS(MATCH(I14,DATASET!$K:$K,0),10,,,"DATASET"))} -> Ds, E | M14: DUMFRIES | N14: {=INDIRECT(ADDRESS(MATCH(M14,DATASET!$K:$K,0),12,,,"DATASET"))} -> INT | O14: {=INDIRECT(ADDRESS(MATCH(M14,DATASET!$K:$K,0),10,,,"DATASET"))} -> E | Q14: TSIMIKAS | R14: {=INDIRECT(ADDRESS(MATCH(Q14,DATASET!$K:$K,0),12,,,"DATASET"))} -> ROM | S14: {=INDIRECT(ADDRESS(MATCH(Q14,DATASET!$K:$K,0),10,,,"DATASET"))} -> Ds, E | U14: ZANOLI | V14: {=INDIRECT(ADDRESS(MATCH(U14,DATASET!$K:$K,0),12,,,"DATASET"))} -> UDI | W14: {=INDIRECT(ADDRESS(MATCH(U14,DATASET!$K:$K,0),10,,,"DATASET"))} -> Dd, E | Y14: MIRANDA J. | Z14: {=INDIRECT(ADDRESS(MATCH(Y14,DATASET!$K:$K,0),12,,,"DATASET"))} -> BOL | AA14: {=INDIRECT(ADDRESS(MATCH(Y14,DATASET!$K:$K,0),10,,,"DATASET"))} -> Ds, E | AC14: BELLANOVA | AD14: {=INDIRECT(ADDRESS(MATCH(AC14,DATASET!$K:$K,0),12,,,"DATASET"))} -> ATA | AE14: {=INDIRECT(ADDRESS(MATCH(AC14,DATASET!$K:$K,0),10,,,"DATASET"))} -> E | AG14: DI LORENZO | AH14: {=INDIRECT(ADDRESS(MATCH(AG14,DATASET!$K:$K,0),12,,,"DATASET"))} -> NAP | AI14: {=INDIRECT(ADDRESS(MATCH(AG14,DATASET!$K:$K,0),10,,,"DATASET"))} -> Dd, E | AK14: ZERBIN | AL14: {=INDIRECT(ADDRESS(MATCH(AK14,DATASET!$K:$K,0),12,,,"DATASET"))} -> CRE | AM14: {=INDIRECT(ADDRESS(MATCH(AK14,DATASET!$K:$K,0),10,,,"DATASET"))} -> E, W | AO14: KELLY L. | AP14: {=INDIRECT(ADDRESS(MATCH(AO14,DATASET!$K:$K,0),12,,,"DATASET"))} -> JUV | AQ14: {=INDIRECT(ADDRESS(MATCH(AO14,DATASET!$K:$K,0),10,,,"DATASET"))} -> Dc, Ds | AS14: VOJVODA | AT14: {=INDIRECT(ADDRESS(MATCH(AS14,DATASET!$K:$K,0),12,,,"DATASET"))} -> COM | AU14: {=INDIRECT(ADDRESS(MATCH(AS14,DATASET!$K:$K,0),10,,,"DATASET"))} -> Dd, E | AW14: ANGELINO | AX14: {=INDIRECT(ADDRESS(MATCH(AW14,DATASET!$K:$K,0),12,,,"DATASET"))} -> ROM | AY14: {=INDIRECT(ADDRESS(MATCH(AW14,DATASET!$K:$K,0),10,,,"DATASET"))} -> E | BA14: NORTON-CUFFY | BB14: {=INDIRECT(ADDRESS(MATCH(BA14,DATASET!$K:$K,0),12,,,"DATASET"))} -> GEN | BC14: {=INDIRECT(ADDRESS(MATCH(BA14,DATASET!$K:$K,0),10,,,"DATASET"))} -> Dd, E | BE14: FLORIANI MUSSOLINI | BF14: {=INDIRECT(ADDRESS(MATCH(BE14,DATASET!$K:$K,0),12,,,"DATASET"))} -> CRE | BG14: {=INDIRECT(ADDRESS(MATCH(BE14,DATASET!$K:$K,0),10,,,"DATASET"))} -> Dd, E | BI14: CALHANOGLU | BJ14: {=INDIRECT(ADDRESS(MATCH(BI14,DATASET!$K:$K,0),12,,,"DATASET"))} -> INT | BK14: {=INDIRECT(ADDRESS(MATCH(BI14,DATASET!$K:$K,0),10,,,"DATASET"))} -> M, C | BM14: TERRACCIANO F. | BN14: {=INDIRECT(ADDRESS(MATCH(BM14,DATASET!$K:$K,0),12,,,"DATASET"))} -> CRE | BO14: {=INDIRECT(ADDRESS(MATCH(BM14,DATASET!$K:$K,0),10,,,"DATASET"))} -> Ds, Dd, E | BQ14: OLIVERA | BR14: {=INDIRECT(ADDRESS(MATCH(BQ14,DATASET!$K:$K,0),12,,,"DATASET"))} -> NAP | BS14: {=INDIRECT(ADDRESS(MATCH(BQ14,DATASET!$K:$K,0),10,,,"DATASET"))} -> Ds, E | BU14: BIRAGHI | BV14: {=INDIRECT(ADDRESS(MATCH(BU14,DATASET!$K:$K,0),12,,,"DATASET"))} -> TOR | BW14: {=INDIRECT(ADDRESS(MATCH(BU14,DATASET!$K:$K,0),10,,,"DATASET"))} -> Ds, E | BY14: DODÒ | BZ14: {=INDIRECT(ADDRESS(MATCH(BY14,DATASET!$K:$K,0),12,,,"DATASET"))} -> FIO | CA14: {=INDIRECT(ADDRESS(MATCH(BY14,DATASET!$K:$K,0),10,,,"DATASET"))} -> E | CC14: ZAPPACOSTA | CD14: {=INDIRECT(ADDRESS(MATCH(CC14,DATASET!$K:$K,0),12,,,"DATASET"))} -> ATA | CE14: {=INDIRECT(ADDRESS(MATCH(CC14,DATASET!$K:$K,0),10,,,"DATASET"))} -> E | CG14: ATHEKAME | CH14: {=INDIRECT(ADDRESS(MATCH(CG14,DATASET!$K:$K,0),12,,,"DATASET"))} -> MIL | CI14: {=INDIRECT(ADDRESS(MATCH(CG14,DATASET!$K:$K,0),10,,,"DATASET"))} -> Dd, E | CK14: ZORTEA | CL14: {=INDIRECT(ADDRESS(MATCH(CK14,DATASET!$K:$K,0),12,,,"DATASET"))} -> BOL | CM14: {=INDIRECT(ADDRESS(MATCH(CK14,DATASET!$K:$K,0),10,,,"DATASET"))} -> E | CO14: BOLOCA | CP14: {=INDIRECT(ADDRESS(MATCH(CO14,DATASET!$K:$K,0),12,,,"DATASET"))} -> SAS | CQ14: {=INDIRECT(ADDRESS(MATCH(CO14,DATASET!$K:$K,0),10,,,"DATASET"))} -> M, C | CS14: CAMBIASO | CT14: {=INDIRECT(ADDRESS(MATCH(CS14,DATASET!$K:$K,0),12,,,"DATASET"))} -> JUV | CU14: {=INDIRECT(ADDRESS(MATCH(CS14,DATASET!$K:$K,0),10,,,"DATASET"))} -> E | CW14: LAZARO | CX14: {=INDIRECT(ADDRESS(MATCH(CW14,DATASET!$K:$K,0),12,,,"DATASET"))} -> TOR | CY14: {=INDIRECT(ADDRESS(MATCH(CW14,DATASET!$K:$K,0),10,,,"DATASET"))} -> Dd, E | DA14: VITIK | DB14: {=INDIRECT(ADDRESS(MATCH(DA14,DATASET!$K:$K,0),12,,,"DATASET"))} -> BOL | DC14: {=INDIRECT(ADDRESS(MATCH(DA14,DATASET!$K:$K,0),10,,,"DATASET"))} -> Dc | DE14: TERRACCIANO F. | DF14: {=INDIRECT(ADDRESS(MATCH(DE14,DATASET!$K:$K,0),12,,,"DATASET"))} -> CRE | DG14: {=INDIRECT(ADDRESS(MATCH(DE14,DATASET!$K:$K,0),10,,,"DATASET"))} -> Ds, Dd, E | DI14: MARTIN | DJ14: {=INDIRECT(ADDRESS(MATCH(DI14,DATASET!$K:$K,0),12,,,"DATASET"))} -> GEN | DK14: {=INDIRECT(ADDRESS(MATCH(DI14,DATASET!$K:$K,0),10,,,"DATASET"))} -> Ds, E | DM14: PALESTRA | DN14: {=INDIRECT(ADDRESS(MATCH(DM14,DATASET!$K:$K,0),12,,,"DATASET"))} -> CAG | DO14: {=INDIRECT(ADDRESS(MATCH(DM14,DATASET!$K:$K,0),10,,,"DATASET"))} -> E | DQ14: MIRANDA J. | DR14: {=INDIRECT(ADDRESS(MATCH(DQ14,DATASET!$K:$K,0),12,,,"DATASET"))} -> BOL | DS14: {=INDIRECT(ADDRESS(MATCH(DQ14,DATASET!$K:$K,0),10,,,"DATASET"))} -> Ds, E | DU14: TAVARES N. | DV14: {=INDIRECT(ADDRESS(MATCH(DU14,DATASET!$K:$K,0),12,,,"DATASET"))} -> LAZ | DW14: {=INDIRECT(ADDRESS(MATCH(DU14,DATASET!$K:$K,0),10,,,"DATASET"))} -> Ds, E | DY14: RENSCH | DZ14: {=INDIRECT(ADDRESS(MATCH(DY14,DATASET!$K:$K,0),12,,,"DATASET"))} -> ROM | EA14: {=INDIRECT(ADDRESS(MATCH(DY14,DATASET!$K:$K,0),10,,,"DATASET"))} -> B, Dd, E | EC14: LAZARO | ED14: {=INDIRECT(ADDRESS(MATCH(EC14,DATASET!$K:$K,0),12,,,"DATASET"))} -> TOR | EE14: {=INDIRECT(ADDRESS(MATCH(EC14,DATASET!$K:$K,0),10,,,"DATASET"))} -> Dd, E | EG14: EHIZIBUE | EH14: {=INDIRECT(ADDRESS(MATCH(EG14,DATASET!$K:$K,0),12,,,"DATASET"))} -> UDI | EI14: {=INDIRECT(ADDRESS(MATCH(EG14,DATASET!$K:$K,0),10,,,"DATASET"))} -> Dd, E | EK14: PAZ Y. | EL14: {=INDIRECT(ADDRESS(MATCH(EK14,DATASET!$K:$K,0),12,,,"DATASET"))} -> SAS | EM14: {=INDIRECT(ADDRESS(MATCH(EK14,DATASET!$K:$K,0),10,,,"DATASET"))} -> Dd, E | EO14: VOJVODA | EP14: {=INDIRECT(ADDRESS(MATCH(EO14,DATASET!$K:$K,0),12,,,"DATASET"))} -> COM | EQ14: {=INDIRECT(ADDRESS(MATCH(EO14,DATASET!$K:$K,0),10,,,"DATASET"))} -> Dd, E | ES14: NORTON-CUFFY | ET14: {=INDIRECT(ADDRESS(MATCH(ES14,DATASET!$K:$K,0),12,,,"DATASET"))} -> GEN | EU14: {=INDIRECT(ADDRESS(MATCH(ES14,DATASET!$K:$K,0),10,,,"DATASET"))} -> Dd, E | EW14: LAZZARI | EX14: {=INDIRECT(ADDRESS(MATCH(EW14,DATASET!$K:$K,0),12,,,"DATASET"))} -> LAZ | EY14: {=INDIRECT(ADDRESS(MATCH(EW14,DATASET!$K:$K,0),10,,,"DATASET"))} -> Dd, E | FA14: FLORIANI MUSSOLINI | FB14: {=INDIRECT(ADDRESS(MATCH(FA14,DATASET!$K:$K,0),12,,,"DATASET"))} -> CRE | FC14: {=INDIRECT(ADDRESS(MATCH(FA14,DATASET!$K:$K,0),10,,,"DATASET"))} -> Dd, E
... A29: THURAM | B29: {=INDIRECT(ADDRESS(MATCH(A29,DATASET!$K:$K,0),12,,,"DATASET"))} -> INT | C29: {=INDIRECT(ADDRESS(MATCH(A29,DATASET!$K:$K,0),10,,,"DATASET"))} -> Pc | E29: SIMEONE | F29: {=INDIRECT(ADDRESS(MATCH(E29,DATASET!$K:$K,0),12,,,"DATASET"))} -> TOR | G29: {=INDIRECT(ADDRESS(MATCH(E29,DATASET!$K:$K,0),10,,,"DATASET"))} -> Pc | I29: PICCOLI | J29: {=INDIRECT(ADDRESS(MATCH(I29,DATASET!$K:$K,0),12,,,"DATASET"))} -> FIO | K29: {=INDIRECT(ADDRESS(MATCH(I29,DATASET!$K:$K,0),10,,,"DATASET"))} -> Pc | M29: LUKAKU | N29: {=INDIRECT(ADDRESS(MATCH(M29,DATASET!$K:$K,0),12,,,"DATASET"))} -> NAP | O29: {=INDIRECT(ADDRESS(MATCH(M29,DATASET!$K:$K,0),10,,,"DATASET"))} -> Pc | Q29: ZAPATA D. | R29: {=INDIRECT(ADDRESS(MATCH(Q29,DATASET!$K:$K,0),12,,,"DATASET"))} -> TOR | S29: {=INDIRECT(ADDRESS(MATCH(Q29,DATASET!$K:$K,0),10,,,"DATASET"))} -> Pc | U29: VARDY | V29: {=INDIRECT(ADDRESS(MATCH(U29,DATASET!$K:$K,0),12,,,"DATASET"))} -> CRE | W29: {=INDIRECT(ADDRESS(MATCH(U29,DATASET!$K:$K,0),10,,,"DATASET"))} -> Pc | Y29: MORATA | Z29: {=INDIRECT(ADDRESS(MATCH(Y29,DATASET!$K:$K,0),12,,,"DATASET"))} -> COM | AA29: {=INDIRECT(ADDRESS(MATCH(Y29,DATASET!$K:$K,0),10,,,"DATASET"))} -> Pc | AC29: NZOLA | AD29: {=INDIRECT(ADDRESS(MATCH(AC29,DATASET!$K:$K,0),12,,,"DATASET"))} -> PIS | AE29: {=INDIRECT(ADDRESS(MATCH(AC29,DATASET!$K:$K,0),10,,,"DATASET"))} -> Pc | AG29: SCAMACCA | AH29: {=INDIRECT(ADDRESS(MATCH(AG29,DATASET!$K:$K,0),12,,,"DATASET"))} -> ATA | AI29: {=INDIRECT(ADDRESS(MATCH(AG29,DATASET!$K:$K,0),10,,,"DATASET"))} -> Pc | AK29: VLAHOVIC | AL29: {=INDIRECT(ADDRESS(MATCH(AK29,DATASET!$K:$K,0),12,,,"DATASET"))} -> JUV | AM29: {=INDIRECT(ADDRESS(MATCH(AK29,DATASET!$K:$K,0),10,,,"DATASET"))} -> Pc | AO29: PELLEGRINO M. | AP29: {=INDIRECT(ADDRESS(MATCH(AO29,DATASET!$K:$K,0),12,,,"DATASET"))} -> PAR | AQ29: {=INDIRECT(ADDRESS(MATCH(AO29,DATASET!$K:$K,0),10,,,"DATASET"))} -> Pc | AS29: LUKAKU | AT29: {=INDIRECT(ADDRESS(MATCH(AS29,DATASET!$K:$K,0),12,,,"DATASET"))} -> NAP | AU29: {=INDIRECT(ADDRESS(MATCH(AS29,DATASET!$K:$K,0),10,,,"DATASET"))} -> Pc | AW29: PINAMONTI | AX29: {=INDIRECT(ADDRESS(MATCH(AW29,DATASET!$K:$K,0),12,,,"DATASET"))} -> SAS | AY29: {=INDIRECT(ADDRESS(MATCH(AW29,DATASET!$K:$K,0),10,,,"DATASET"))} -> Pc | BA29: ZAPATA D. | BB29: {=INDIRECT(ADDRESS(MATCH(BA29,DATASET!$K:$K,0),12,,,"DATASET"))} -> TOR | BC29: {=INDIRECT(ADDRESS(MATCH(BA29,DATASET!$K:$K,0),10,,,"DATASET"))} -> Pc | BE29: THURAM | BF29: {=INDIRECT(ADDRESS(MATCH(BE29,DATASET!$K:$K,0),12,,,"DATASET"))} -> INT | BG29: {=INDIRECT(ADDRESS(MATCH(BE29,DATASET!$K:$K,0),10,,,"DATASET"))} -> Pc | BI29: PICCOLI | BJ29: {=INDIRECT(ADDRESS(MATCH(BI29,DATASET!$K:$K,0),12,,,"DATASET"))} -> FIO | BK29: {=INDIRECT(ADDRESS(MATCH(BI29,DATASET!$K:$K,0),10,,,"DATASET"))} -> Pc | BM29: VLAHOVIC | BN29: {=INDIRECT(ADDRESS(MATCH(BM29,DATASET!$K:$K,0),12,,,"DATASET"))} -> JUV | BO29: {=INDIRECT(ADDRESS(MATCH(BM29,DATASET!$K:$K,0),10,,,"DATASET"))} -> Pc | BQ29: KEAN | BR29: {=INDIRECT(ADDRESS(MATCH(BQ29,DATASET!$K:$K,0),12,,,"DATASET"))} -> FIO | BS29: {=INDIRECT(ADDRESS(MATCH(BQ29,DATASET!$K:$K,0),10,,,"DATASET"))} -> Pc | BU29: MORATA | BV29: {=INDIRECT(ADDRESS(MATCH(BU29,DATASET!$K:$K,0),12,,,"DATASET"))} -> COM | BW29: {=INDIRECT(ADDRESS(MATCH(BU29,DATASET!$K:$K,0),10,,,"DATASET"))} -> Pc | BY29: NZOLA | BZ29: {=INDIRECT(ADDRESS(MATCH(BY29,DATASET!$K:$K,0),12,,,"DATASET"))} -> PIS | CA29: {=INDIRECT(ADDRESS(MATCH(BY29,DATASET!$K:$K,0),10,,,"DATASET"))} -> Pc | CC29: HOJLUND | CD29: {=INDIRECT(ADDRESS(MATCH(CC29,DATASET!$K:$K,0),12,,,"DATASET"))} -> NAP | CE29: {=INDIRECT(ADDRESS(MATCH(CC29,DATASET!$K:$K,0),10,,,"DATASET"))} -> Pc | CG29: THURAM | CH29: {=INDIRECT(ADDRESS(MATCH(CG29,DATASET!$K:$K,0),12,,,"DATASET"))} -> INT | CI29: {=INDIRECT(ADDRESS(MATCH(CG29,DATASET!$K:$K,0),10,,,"DATASET"))} -> Pc | CK29: OPENDA | CL29: {=INDIRECT(ADDRESS(MATCH(CK29,DATASET!$K:$K,0),12,,,"DATASET"))} -> JUV | CM29: {=INDIRECT(ADDRESS(MATCH(CK29,DATASET!$K:$K,0),10,,,"DATASET"))} -> Pc | CO29: ZAPATA D. | CP29: {=INDIRECT(ADDRESS(MATCH(CO29,DATASET!$K:$K,0),12,,,"DATASET"))} -> TOR | CQ29: {=INDIRECT(ADDRESS(MATCH(CO29,DATASET!$K:$K,0),10,,,"DATASET"))} -> Pc | CS29: MARTINEZ L. | CT29: {=INDIRECT(ADDRESS(MATCH(CS29,DATASET!$K:$K,0),12,,,"DATASET"))} -> INT | CU29: {=INDIRECT(ADDRESS(MATCH(CS29,DATASET!$K:$K,0),10,,,"DATASET"))} -> Pc | CW29: PINAMONTI | CX29: {=INDIRECT(ADDRESS(MATCH(CW29,DATASET!$K:$K,0),12,,,"DATASET"))} -> SAS | CY29: {=INDIRECT(ADDRESS(MATCH(CW29,DATASET!$K:$K,0),10,,,"DATASET"))} -> Pc | DA29: VLAHOVIC | DB29: {=INDIRECT(ADDRESS(MATCH(DA29,DATASET!$K:$K,0),12,,,"DATASET"))} -> JUV | DC29: {=INDIRECT(ADDRESS(MATCH(DA29,DATASET!$K:$K,0),10,,,"DATASET"))} -> Pc | DE29: VLAHOVIC | DF29: {=INDIRECT(ADDRESS(MATCH(DE29,DATASET!$K:$K,0),12,,,"DATASET"))} -> JUV | DG29: {=INDIRECT(ADDRESS(MATCH(DE29,DATASET!$K:$K,0),10,,,"DATASET"))} -> Pc | DI29: KRSTOVIC | DJ29: {=INDIRECT(ADDRESS(MATCH(DI29,DATASET!$K:$K,0),12,,,"DATASET"))} -> ATA | DK29: {=INDIRECT(ADDRESS(MATCH(DI29,DATASET!$K:$K,0),10,,,"DATASET"))} -> Pc | DM29: VARDY | DN29: {=INDIRECT(ADDRESS(MATCH(DM29,DATASET!$K:$K,0),12,,,"DATASET"))} -> CRE | DO29: {=INDIRECT(ADDRESS(MATCH(DM29,DATASET!$K:$K,0),10,,,"DATASET"))} -> Pc | DQ29: VARDY | DR29: {=INDIRECT(ADDRESS(MATCH(DQ29,DATASET!$K:$K,0),12,,,"DATASET"))} -> CRE | DS29: {=INDIRECT(ADDRESS(MATCH(DQ29,DATASET!$K:$K,0),10,,,"DATASET"))} -> Pc | DU29: ZAPATA D. | DV29: {=INDIRECT(ADDRESS(MATCH(DU29,DATASET!$K:$K,0),12,,,"DATASET"))} -> TOR | DW29: {=INDIRECT(ADDRESS(MATCH(DU29,DATASET!$K:$K,0),10,,,"DATASET"))} -> Pc | DY29: IMMOBILE | DZ29: {=INDIRECT(ADDRESS(MATCH(DY29,DATASET!$K:$K,0),12,,,"DATASET"))} -> BOL | EA29: {=INDIRECT(ADDRESS(MATCH(DY29,DATASET!$K:$K,0),10,,,"DATASET"))} -> Pc | EC29: THURAM | ED29: {=INDIRECT(ADDRESS(MATCH(EC29,DATASET!$K:$K,0),12,,,"DATASET"))} -> INT | EE29: {=INDIRECT(ADDRESS(MATCH(EC29,DATASET!$K:$K,0),10,,,"DATASET"))} -> Pc | EG29: MARTINEZ L. | EH29: {=INDIRECT(ADDRESS(MATCH(EG29,DATASET!$K:$K,0),12,,,"DATASET"))} -> INT | EI29: {=INDIRECT(ADDRESS(MATCH(EG29,DATASET!$K:$K,0),10,,,"DATASET"))} -> Pc | EK29: MORATA | EL29: {=INDIRECT(ADDRESS(MATCH(EK29,DATASET!$K:$K,0),12,,,"DATASET"))} -> COM | EM29: {=INDIRECT(ADDRESS(MATCH(EK29,DATASET!$K:$K,0),10,,,"DATASET"))} -> Pc | EO29: VLAHOVIC | EP29: {=INDIRECT(ADDRESS(MATCH(EO29,DATASET!$K:$K,0),12,,,"DATASET"))} -> JUV | EQ29: {=INDIRECT(ADDRESS(MATCH(EO29,DATASET!$K:$K,0),10,,,"DATASET"))} -> Pc | ES29: SCAMACCA | ET29: {=INDIRECT(ADDRESS(MATCH(ES29,DATASET!$K:$K,0),12,,,"DATASET"))} -> ATA | EU29: {=INDIRECT(ADDRESS(MATCH(ES29,DATASET!$K:$K,0),10,,,"DATASET"))} -> Pc | EW29: LUCCA | EX29: {=INDIRECT(ADDRESS(MATCH(EW29,DATASET!$K:$K,0),12,,,"DATASET"))} -> NAP | EY29: {=INDIRECT(ADDRESS(MATCH(EW29,DATASET!$K:$K,0),10,,,"DATASET"))} -> Pc | FA29: PICCOLI | FB29: {=INDIRECT(ADDRESS(MATCH(FA29,DATASET!$K:$K,0),12,,,"DATASET"))} -> FIO | FC29: {=INDIRECT(ADDRESS(MATCH(FA29,DATASET!$K:$K,0),10,,,"DATASET"))} -> Pc

Sheet Giornata 1
A1: Giornata 1
B2: AC Clitoristo | D2: 2 | E2: 1 | G2: Pepinho City
D3: 71 | E3: 66
B5: Svilar | C5: 6 | D5: 6 | E5: 6 | F5: 6 | G5: Svilar
B6: Estupinan | C6: 6,5 | D6: 6,5 | E6: 7 | F6: 7 | G6: Rensch
B7: Hien | C7: 6 | D7: 6 | E7: 4,5 | F7: 4,5 | G7: Maripan
B8: Baschirotto | C8: 6,5 | D8: 6,5 | E8: 6 | F8: 6 | G8: Hien
B9: Kalulu | C9: 6 | D9: 6 | E9: 5 | F9: 5 | G9: Tavares N.
B10: Casadei | C10: 5,5 | D10: 5,5 | E10: 6 | F10: 6 | G10: Frattesi
B11: Mandragora | C11: 7 | D11: 10 | E11: 6 | F11: 6 | G11: Adopo
B12: Koopmeiners | C12: 5,5 | D12: 5 | E12: 7,5 | F12: 6,5 | G12: McTominay
B13: Samardzic | C13: 7 | D13: 8 | E13: 6 | F13: 6 | G13: Kuhn
B14: Gimenez | C14: 5,5 | D14: 5,5 | E14: 6,5 | F14: 6,5 | G14: Esposito F.P.
B15: Thuram | C15: 6 | D15: 6 | E15: 5,5 | F15: 5,5 | G15: Kean
B18: AC Nostalgici 1922 | D18: 1 | E18: 4 | G18: Fusbana
D19: 67 | E19: 78,5
B21: Skorupski | C21: 6,5 | D21: 5,5 | E21: 6,5 | F21: 6,5 | G21: Audero
B22: Vasquez | C22: 6 | D22: 6 | E22: 6 | F22: 6 | G22: Valeri
B23: Akanji | C23: 6 | D23: 6 | E23: 6,5 | F23: 6,5 | G23: Mina
B24: Mancini | C24: 6 | D24: 6 | E24: 5,5 | F24: 6 | G24: Gatti
B25: Marusic | C25: 6 | D25: 6 | E25: 5 | F25: 5 | G25: Kristensen T.
B26: Prati | C26: 6 | D26: 5,5 | E26: 5,5 | F26: 6 | G26: Calhanoglu
B27: Orsolini | C27: 6,5 | D27: 9,5 | E27: 7 | F27: 7 | G27: Saelemaekers
B28: Oristanio | C28: 6 | D28: 6 | E28: 5,5 | F28: 5,5 | G28: De Bruyne
B29: De Bruyne | C29: 5,5 | D29: 5,5 | E29: 15,5 | F29: 8,5 | G29: Pulisic
B30: Vlasic | C30: 5,5 | D30: 5,5 | E30: 5,5 | F30: 5,5 | G30: Vandeputte
B31: Gimenez | C31: 5,5 | D31: 5,5 | E31: 10 | F31: 7 | G31: Lucca
B34: Ahh poesse | D34: 0 | E34: 0 | G34: F.C. Chiappe d ORO
D35: 64 | E35: 62
B37: De Gea | C37: 6 | D37: 4 | E37: 5,5 | F37: 6,5 | G37: Caprile
B38: Valeri | C38: 6 | D38: 6 | E38: 6 | F38: 6 | G38: Valeri
B39: Circati | C39: 6,5 | D39: 6,5 | E39: 5,5 | F39: 5,5 | G39: Solet
B40: Baschirotto | C40: 6,5 | D40: 6,5 | E40: 6,5 | F40: 6,5 | G40: Baschirotto
B41: Norton-Cuffy | C41: 5,5 | D41: 5 | E41: 5 | F41: 5 | G41: Di Lorenzo
B42: Guendouzi | C42: 6 | D42: 5 | E42: 5 | F42: 5,5 | G42: Masini
B43: Locatelli | C43: 5,5 | D43: 5,5 | E43: 5,5 | F43: 5,5 | G43: Nicolussi Caviglia
B44: Yildiz | C44: 6 | D44: 6 | E44: 5,5 | F44: 5,5 | G44: Tramoni M.
B45: Paz N. | C45: 7 | D45: 8 | E45: 6 | F45: 6 | G45: Yildiz
B46: Zaccagni | C46: 5,5 | D46: 5,5 | E46: 6 | F46: 6 | G46: Oristanio
B47: Simeone | C47: 6 | D47: 6 | E47: 5,5 | F47: 5,5 | G47: Vlahovic
B50: As LucaGorets | D50: 1 | E50: 2 | G50: SPAL Letta Fc
D51: 66,5 | E51: 71
B53: Audero | C53: 6,5 | D53: 6,5 | E53: 5,5 | F53: 6,5 | G53: Martinez Jo.
B54: Djimsiti | C54: 6 | D54: 6 | E54: 6,5 | F54: 6,5 | G54: Carlos Augusto
B55: Beukema | C55: 5 | D55: 5 | E55: 9,5 | F55: 7 | G55: Kempf
B56: Akanji | C56: 6 | D56: 6 | E56: 5,5 | F56: 6 | G56: N'Dicka
B57: Angelino | C57: 6 | D57: 6 | E57: 5,5 | F57: 5,5 | G57: Gosens
B58: Atta | C58: 6 | D58: 5,5 | E58: 8 | F58: 7 | G58: Sucic P.
B59: Konè M. | C59: 7 | D59: 7 | E59: 6 | F59: 6 | G59: Zambo Anguissa
B60: Bernabè | C60: 6,5 | D60: 6,5 | E60: 6 | F60: 6 | G60: Barella
B61: Rodriguez Je. | C61: 6,5 | D61: 6,5 | E61: 6,5 | F61: 6,5 | G61: Politano
B62: Simeone | C62: 6 | D62: 6 | E62: 5,5 | F62: 5,5 | G62: Kean
B63: Gimenez | C63: 5,5 | D63: 5,5 | E63: 6,5 | F63: 6,5 | G63: Esposito F.P.
B66: AvelLino Banfi | D66: 2 | E66: 0 | G66: Mestieranti alla Better
D67: 70,5 | E67: 64
B69: Carnesecchi | C69: 7 | D69: 10 | E69: 5,5 | F69: 6,5 | G69: Di Gregorio
B70: Delprato | C70: 6 | D70: 6 | E70: 5 | F70: 5 | G70: Tavares N.
B71: Mina | C71: 6,5 | D71: 6,5 | E71: 5,5 | F71: 6 | G71: N'Dicka
B72: Gatti | C72: 6 | D72: 5,5 | E72: 6 | F72: 6 | G72: De Winter
B73: Gosens | C73: 5,5 | D73: 5,5 | E73: 5 | F73: 5 | G73: Di Lorenzo
B74: Thuram K. | C74: 6 | D74: 6 | E74: 6,5 | F74: 6,5 | G74: Loftus-Cheek
B75: Loftus-Cheek | C75: 6,5 | D75: 6,5 | E75: 6 | F75: 6 | G75: Lobotka
B76: Politano | C76: 6,5 | D76: 6,5 | E76: 7,5 | F76: 6,5 | G76: Soulè
B77: Zaniolo | C77: 6 | D77: 6 | E77: 5,5 | F77: 5,5 | G77: De Bruyne
B78: Esposito Se. | C78: 6,5 | D78: 6 | E78: 5,5 | F78: 5,5 | G78: Vandeputte
B79: Thuram | C79: 6 | D79: 6 | E79: 6 | F79: 6 | G79: Thuram
B82: Berlusca Dortmund | D82: 1 | E82: 1 | G82: Bayern Muten
D83: 69,5 | E83: 68,5
B85: Provedel | C85: 6,5 | D85: 5,5 | E85: 5,5 | F85: 6,5 | G85: Martinez Jo.
B86: Tiago Gabriel | C86: 6 | D86: 8,5 | E86: 6,5 | F86: 6,5 | G86: Baschirotto
B87: Pavlovic | C87: 6,5 | D87: 6,5 | E87: 5 | F87: 5 | G87: Coco
B88: Kempf | C88: 7 | D88: 9,5 | E88: 6 | F88: 6 | G88: Djimsiti
B89: Dodò | C89: 5,5 | D89: 5 | E89: 6,5 | F89: 6,5 | G89: Bellanova
B90: Cristante | C90: 6 | D90: 6 | E90: 6 | F90: 6 | G90: Cristante
B91: Zambo Anguissa | C91: 6 | D91: 6 | E91: 6,5 | F91: 6,5 | G91: Bernabè
B92: Zaccagni | C92: 5,5 | D92: 5,5 | E92: 5 | F92: 5,5 | G92: Sohm
B93: Adams C. | C93: 5,5 | D93: 5,5 | E93: 9,5 | F93: 7 | G93: Dimarco
B94: Vlasic | C94: 5,5 | D94: 5,5 | E94: 6 | F94: 6 | G94: Yildiz
B95: Ferguson E. | C95: 6 | D95: 6 | E95: 6 | F95: 6 | G95: Castellanos
B98: CamerierCarlo | D98: 4 | E98: 1 | G98: FC Arrisse Junior
D99: 78 | E99: 68
B101: Carnesecchi | C101: 7 | D101: 10 | E101: 5,5 | F101: 6,5 | G101: Provedel
B102: Estupinan | C102: 6,5 | D102: 6,5 | E102: 6 | F102: 6 | G102: Heggem
B103: Kalulu | C103: 6 | D103: 6 | E103: 6 | F103: 6 | G103: Bianchetti
B104: Kossounou | C104: 6 | D104: 6 | E104: 6,5 | F104: 6,5 | G104: Buongiorno
B105: Vojvoda | C105: 5,5 | D105: 5 | E105: 5 | F105: 5 | G105: Ehizibue
B106: Saelemaekers | C106: 7 | D106: 7 | E106: 5,5 | F106: 5,5 | G106: Cambiaso*
B107: Frattesi | C107: 6 | D107: 6 | E107: 9,5 | F107: 6,5 | G107: Orsolini
B108: Fofana Y. | C108: 7 | D108: 10 | E108: 6 | F108: 6 | G108: Baldanzi
B109: Oristanio | C109: 6 | D109: 6 | E109: 6 | F109: 6 | G109: Oristanio
B110: Lucca | C110: 7 | D110: 10 | E110: 7,5 | F110: 6,5 | G110: Sottil
B111: Hojlund | C111: 5,5 | D111: 5,5 | E111: 5,5 | F111: 5,5 | G111: Douvikas
B114: Chicago Hasbulls | D114: 1 | E114: 1 | G114: AteGamE
D115: 68 | E115: 66
B117: De Gea | C117: 6 | D117: 4 | E117: 3 | F117: 6 | G117: Israel
B118: Miranda J. | C118: 5,5 | D118: 5,5 | E118: 5,5 | F118: 6 | G118: Ranieri L.
B119: Beukema | C119: 5 | D119: 5 | E119: 5,5 | F119: 6 | G119: Obert
B120: Ismajli | C120: 5 | D120: 5 | E120: 6 | F120: 6 | G120: Gabbia
B121: Vojvoda | C121: 5,5 | D121: 5 | E121: 6,5 | F121: 6,5 | G121: Zappacosta
B122: Zanoli | C122: 6 | D122: 6 | E122: 6,5 | F122: 6,5 | G122: Folorunsho
...

Sheet Giornata 2
A1: Giornata 2
B2: As LucaGorets | D2: 1 | E2: 3 | G2: FC Demepoli
D3: 69 | E3: 75,5
B5: De Gea | C5: 6 | D5: 6 | E5: 7 | F5: 7 | G5: Svilar
B6: Muharemovic | C6: 5,5 | D6: 5,5 | E6: 5,5 | F6: 6 | G6: Ramon
B7: Lucumì | C7: 5,5 | D7: 5,5 | E7: 6,5 | F7: 6,5 | G7: Gila
B8: Akanji | C8: 6,5 | D8: 6,5 | E8: 6,5 | F8: 6,5 | G8: Akanji
B9: Angelino | C9: 6 | D9: 6 | E9: 5,5 | F9: 6 | G9: Delprato
B10: Atta | C10: 6 | D10: 6 | E10: 5,5 | F10: 5,5 | G10: Ellertsson
B11: Konè M. | C11: 6,5 | D11: 6,5 | E11: 6 | F11: 6 | G11: Thorstvedt
B12: Rodriguez Je. | C12: 5 | D12: 5 | E12: 5 | F12: 5 | G12: Dodò
B13: Laurientè | C13: 7,5 | D13: 11,5 | E13: 6 | F13: 6 | G13: Cambiaghi
B14: Gudmundsson A. | C14: 5 | D14: 5 | E14: 12 | F14: 8 | G14: Pulisic
B15: Gimenez | C15: 5,5 | D15: 5,5 | E15: 10 | F15: 7 | G15: Martinez L.
B18: AvelLino Banfi | D18: 0 | E18: 2 | G18: FC Arrisse Junior
D19: 63 | E19: 72
B21: Carnesecchi | C21: 6,5 | D21: 5,5 | E21: 6,5 | F21: 6,5 | G21: Provedel
B22: Delprato | C22: 6 | D22: 5,5 | E22: 5,5 | F22: 5,5 | G22: Juan Jesus
B23: Mina | C23: 5,5 | D23: 5,5 | E23: 6 | F23: 6 | G23: Heggem
B24: Gatti | C24: 5,5 | D24: 5,5 | E24: 5,5 | F24: 5,5 | G24: Maripan
B25: Politano | C25: 6 | D25: 6 | E25: 5 | F25: 5,5 | G25: Ehizibue
B26: Frendrup | C26: 5 | D26: 5 | E26: 6 | F26: 6 | G26: Cambiaso
B27: Loftus-Cheek | C27: 6 | D27: 6 | E27: 5,5 | F27: 6 | G27: Da Cunha
B28: Thuram K. | C28: 5,5 | D28: 5,5 | E28: 6 | F28: 6 | G28: Marin M.
B29: Gosens | C29: 6 | D29: 6 | E29: 9,5 | F29: 6,5 | G29: Orsolini
B30: Esposito Se. | C30: 6 | D30: 6 | E30: 10 | F30: 7 | G30: Martinez L.
B31: Thuram | C31: 6,5 | D31: 6,5 | E31: 6,5 | F31: 6,5 | G31: Douvikas
B34: Bayern Muten | D34: 5 | E34: 0 | G34: Sotto per il Coco
D35: 83,5 | E35: 65,5
B37: Martinez Jo. | C37: 6 | D37: 6 | E37: 5 | F37: 6 | G37: Suzuki
B38: Baschirotto | C38: 7 | D38: 9,5 | E38: 6 | F38: 6 | G38: De Vrij
B39: Bastoni | C39: 7 | D39: 8 | E39: 5,5 | F39: 5,5 | G39: Bremer
B40: Djimsiti | C40: 6 | D40: 6 | E40: 6 | F40: 6 | G40: Kelly L.
B41: Bellanova | C41: 6,5 | D41: 6,5 | E41: 6 | F41: 6 | G41: Cambiaso
B42: Cristante | C42: 6 | D42: 6 | E42: 5,5 | F42: 5,5 | G42: Mandragora
B43: Bernabè | C43: 6 | D43: 6 | E43: 6 | F43: 6 | G43: Ferguson
B44: Dimarco | C44: 7 | D44: 8 | E44: 7 | F44: 6 | G44: Joao Mario
B45: Yildiz | C45: 6 | D45: 6 | E45: 5,5 | F45: 5,5 | G45: Addai
B46: Castellanos | C46: 7,5 | D46: 11,5 | E46: 5 | F46: 5 | G46: Openda
B47: Ngonge | C47: 7,5 | D47: 10 | E47: 8 | F47: 7 | G47: Berardi
B50: Berlusca Dortmund | D50: 1 | E50: 0 | G50: salumificio cardinali
D51: 67,5 | E51: 63
B53: Provedel | C53: 6,5 | D53: 6,5 | E53: 6,5 | F53: 6,5 | G53: Provedel
B54: Idzes | C54: 6 | D54: 6 | E54: 4,5 | F54: 5 | G54: Vasquez
B55: Kempf | C55: 5,5 | D55: 5,5 | E55: 6 | F55: 6 | G55: Solet
B56: Pavlovic | C56: 6,5 | D56: 6,5 | E56: 5,5 | F56: 5,5 | G56: Gatti
B57: Dodò | C57: 5 | D57: 5 | E57: 6,5 | F57: 6,5 | G57: Bellanova
B58: Cristante | C58: 6 | D58: 6 | E58: 6 | F58: 6,5 | G58: Barella
B59: Zambo Anguissa | C59: 5,5 | D59: 5,5 | E59: 5,5 | F59: 5,5 | G59: Thuram K.
B60: Floriani Mussolini | C60: 6 | D60: 5,5 | E60: 6 | F60: 6 | G60: Angelino
B61: Zaccagni | C61: 7 | D61: 10 | E61: 5 | F61: 5 | G61: Gudmundsson A.
B62: Vlasic | C62: 5 | D62: 5 | E62: 5,5 | F62: 5,5 | G62: Krstovic
B63: Ferguson E. | C63: 6 | D63: 6 | E63: 6 | F63: 6 | G63: Pinamonti
B66: CamerierCarlo | D66: 2 | E66: 1 | G66: TheStars94
D67: 73,5 | E67: 69,5
B69: Carnesecchi | C69: 6,5 | D69: 5,5 | E69: 5,5 | F69: 6,5 | G69: Carnesecchi
B70: Estupinan | C70: 5 | D70: 4 | E70: 6 | F70: 6 | G70: Heggem
B71: Kalulu | C71: 6,5 | D71: 6,5 | E71: 8 | F71: 7 | G71: Bastoni
B72: Romagnoli | C72: 6,5 | D72: 6,5 | E72: 5,5 | F72: 6 | G72: Ramon
B73: Kossounou | C73: 5 | D73: 5 | E73: 6 | F73: 6 | G73: Cambiaso
B74: Wesley | C74: 5,5 | D74: 5,5 | E74: 6 | F74: 6 | G74: Pasalic
B75: Frattesi | C75: 6 | D75: 6 | E75: 6 | F75: 6 | G75: Koopmeiners
B76: Fofana Y. | C76: 6,5 | D76: 7,5 | E76: 5,5 | F76: 6 | G76: Zappacosta
B77: Saelemaekers | C77: 7 | D77: 10 | E77: 9,5 | F77: 6,5 | G77: Soulè
B78: Hojlund | C78: 5,5 | D78: 5,5 | E78: 6 | F78: 6 | G78: Castro S.
B79: Castellanos | C79: 7,5 | D79: 11,5 | E79: 5,5 | F79: 5,5 | G79: Kuhn
B82: Equitalia SpA | D82: 2 | E82: 1 | G82: FC Polidem
D83: 72 | E83: 67,5
B85: Falcone | C85: 6,5 | D85: 4,5 | E85: 6 | F85: 6 | G85: Martinez Jo.
B86: Miranda J. | C86: 5 | D86: 5 | E86: 6 | F86: 6 | G86: Doig
B87: Mina | C87: 5,5 | D87: 5,5 | E87: 5 | F87: 5 | G87: Nelsson
B88: Coco | C88: 6,5 | D88: 7,5 | E88: 5,5 | F88: 5,5 | G88: Bremer
B89: Ehizibue | C89: 5,5 | D89: 5 | E89: 6 | F89: 6 | G89: Lazaro
B90: Da Cunha | C90: 6 | D90: 5,5 | E90: 5,5 | F90: 6 | G90: Da Cunha
B91: Calhanoglu | C91: 6,5 | D91: 6,5 | E91: 6,5 | F91: 6,5 | G91: Calhanoglu
B92: Modric | C92: 7 | D92: 7 | E92: 5 | F92: 5 | G92: Frendrup
B93: Orsolini | C93: 6,5 | D93: 9,5 | E93: 9,5 | F93: 6,5 | G93: De Bruyne
B94: Piccoli | C94: 6 | D94: 6 | E94: 6 | F94: 6 | G94: Pinamonti
B95: Ngonge | C95: 7,5 | D95: 10 | E95: 6,5 | F95: 6,5 | G95: Thuram
B98: FC Arrisse | D98: 1 | E98: 0 | G98: Chicago Hasbulls
D99: 69,5 | E99: 63,5
B101: Skorupski | C101: 6,5 | D101: 4,5 | E101: 6 | F101: 6 | G101: De Gea
B102: Unai Nunez | C102: 5,5 | D102: 5 | E102: 5 | F102: 5 | G102: Miranda J.
B103: Ranieri L. | C103: 6 | D103: 6 | E103: 6 | F103: 6 | G103: De Vrij
B104: Mina | C104: 5,5 | D104: 5,5 | E104: 5,5 | F104: 5,5 | G104: Bremer
B105: Gosens | C105: 6 | D105: 6 | E105: 5,5 | F105: 5,5 | G105: Zanoli
B106: Modric | C106: 7 | D106: 7 | E106: 6,5 | F106: 6,5 | G106: Calhanoglu
B107: McTominay | C107: 6 | D107: 6 | E107: 6,5 | F107: 6,5 | G107: Konè M.
B108: Dimarco | C108: 7 | D108: 8 | E108: 5 | F108: 5 | G108: Gudmundsson A.
B109: Stanciu | C109: 5,5 | D109: 5,5 | E109: 5 | F109: 5,5 | G109: Malinovskyi
B110: Martinez L. | C110: 7 | D110: 10 | E110: 6,5 | F110: 6,5 | G110: Pierotti
B111: De Ketelaere | C111: 6 | D111: 6 | E111: 6 | F111: 6 | G111: Ferguson E.
B114: FantAllegri | D114: 0 | E114: 0 | G114: SPAL Letta Fc
D115: 63,5 | E115: 62
B117: Di Gregorio | C117: 6 | D117: 5 | E117: 6 | F117: 6 | G117: Martinez Jo.
B118: Juan Jesus | C118: 5,5 | D118: 5,5 | E118: 5,5 | F118: 6 | G118: Carlos Augusto
B119: Bianchetti | C119: 6,5 | D119: 6,5 | E119: 5,5 | F119: 6 | G119: Ramon
B120: Tomori | C120: 5,5 | D120: 5,5 | E120: 5,5 | F120: 5,5 | G120: N'Dicka
B121: Marusic | C121: 6,5 | D121: 7,5 | E121: 6 | F121: 6 | G121: Gosens
B122: Fabbian | C122: 5 | D122: 5 | E122: 6 | F122: 6,5 | G122: Barella
...

Sheet Giornata 3
A1: Giornata 3
B2: Ahh poesse | D2: 3 | E2: 1 | G2: PEPE SCANNATU
D3: 74.5 | E3: 67.5
B5: DE GEA | C5: 6 | D5: 4 | E5: 6 | F5: 6 | G5: LEALI
B6: MARUSIC | C6: 6 | D6: 6 | E6: 5.5 | F6: 6 | G6: TOMORI
B7: CARACCIOLO A. | C7: 6 | D7: 6 | E7: 6.5 | F7: 6.5 | G7: ACERBI
B8: BASCHIROTTO | C8: 5.5 | D8: 5.5 | E8: 6.5 | F8: 6.5 | G8: MANCINI
B9: NORTON-CUFFY | C9: 6 | D9: 6 | E9: 6 | F9: 6 | G9: DIMARCO
B10: GUENDOUZI | C10: 6 | D10: 6 | E10: 5.5 | F10: 5.5 | G10: THORSTVEDT
B11: LOCATELLI | C11: 6 | D11: 6 | E11: 6.5 | F11: 6.5 | G11: KONÈ M.
B12: YILDIZ | C12: 6 | D12: 6 | E12: 5.5 | F12: 5.5 | G12: PIEROTTI
B13: PAZ N. | C13: 8 | D13: 12 | E13: 6 | F13: 6 | G13: LOOKMAN
B14: POLITANO | C14: 6.5 | D14: 6.5 | E14: 8 | F14: 7 | G14: ODGAARD
B15: SIMEONE | C15: 7.5 | D15: 10.5 | E15: 5.5 | F15: 5.5 | G15: NZOLA
B18: Atletico Viperetta | D18: 1 | E18: 0 | G18: Mestieranti alla Better
D19: 67.5 | E19: 65.5
B21: MAIGNAN | C21: 5 | D21: 4 | E21: 4 | F21: 6 | G21: DI GREGORIO
B22: CANESTRELLI | C22: 6.5 | D22: 6 | E22: 5.5 | F22: 5.5 | G22: TAVARES N.
B23: IDZES | C23: 6.5 | D23: 6.5 | E23: 6.5 | F23: 6.5 | G23: BASTONI
B24: BEUKEMA | C24: 5.5 | D24: 5.5 | E24: 4.5 | F24: 5 | G24: N'DICKA
B25: GOSENS | C25: 6.5 | D25: 9.5 | E25: 5.5 | F25: 5.5 | G25: DI LORENZO
B26: KOOPMEINERS | C26: 5 | D26: 5 | E26: 6 | F26: 6 | G26: RICCI S.
B27: ATTA | C27: 6.5 | D27: 6.5 | E27: 6.5 | F27: 6.5 | G27: MASINI
B28: DUMFRIES | C28: 6 | D28: 6 | E28: 5.5 | F28: 5.5 | G28: SOULÈ
B29: DYBALA | C29: 6 | D29: 6 | E29: 6 | F29: 6 | G29: DE BRUYNE
B30: GIMENEZ | C30: 6.5 | D30: 6.5 | E30: 5.5 | F30: 5.5 | G30: NERES
B31: LOOKMAN | C31: 6 | D31: 6 | E31: 10 | F31: 7 | G31: BONNY
B34: AvelLino Banfi | D34: 0 | E34: 0 | G34: AC Clitoristo
D35: 62.5 | E35: 65
B37: CARNESECCHI | C37: 6 | D37: 6 | E37: 4.5 | F37: 5.5 | G37: SVILAR
B38: DELPRATO | C38: 6 | D38: 6 | E38: 5 | F38: 5 | G38: OLIVERA
B39: GOGLICHIDZE | C39: 5.5 | D39: 5 | E39: 5.5 | F39: 5.5 | G39: BASCHIROTTO
B40: MINA | C40: 5.5 | D40: 5.5 | E40: 5.5 | F40: 6 | G40: HIEN
B41: PIEROTTI | C41: 5.5 | D41: 5.5 | E41: 5.5 | F41: 5.5 | G41: KALULU
B42: COULIBALY L. | C42: 5.5 | D42: 5.5 | E42: 5 | F42: 5.5 | G42: MALINOVSKYI
B43: FRENDRUP | C43: 6 | D43: 6 | E43: 6 | F43: 6 | G43: MANDRAGORA
B44: THURAM K. | C44: 6 | D44: 6 | E44: 5.5 | F44: 5.5 | G44: PELLEGRINI LO.
B45: NERES | C45: 5.5 | D45: 5.5 | E45: 10 | F45: 7 | G45: ZANIOLO
B46: GIOVANE | C46: 5.5 | D46: 5.5 | E46: 6.5 | F46: 6.5 | G46: GIMENEZ
B47: CUTRONE | C47: 6 | D47: 6 | E47: 6 | F47: 6 | G47: DYBALA
B50: CamerierCarlo | D50: 0 | E50: 0 | G50: FC Demepoli
D51: 63 | E51: 62.5
B53: CARNESECCHI | C53: 6 | D53: 6 | E53: 4.5 | F53: 5.5 | G53: SVILAR
B54: KAMARA H. | C54: 6 | D54: 6 | E54: 6 | F54: 6 | G54: DELPRATO
B55: ROMAGNOLI | C55: 6 | D55: 6 | E55: 7 | F55: 7 | G55: GILA
B56: KALULU | C56: 5.5 | D56: 5.5 | E56: 6.5 | F56: 6.5 | G56: AKANJI
B57: VOJVODA | C57: 6.5 | D57: 6.5 | E57: 5.5 | F57: 6 | G57: FRESE
B58: WESLEY | C58: 6 | D58: 6 | E58: 5.5 | F58: 5.5 | G58: ELLERTSSON
B59: MKHITARYAN | C59: 6.5 | D59: 6 | E59: 6 | F59: 6 | G59: DE ROON
B60: FOFANA Y. | C60: 6 | D60: 5.5 | E60: 5.5 | F60: 5.5 | G60: ANGORI
B61: SAELEMAEKERS | C61: 5.5 | D61: 5.5 | E61: 5.5 | F61: 5.5 | G61: THORSTVEDT
B62: LUCCA | C62: 5 | D62: 5 | E62: 5.5 | F62: 5.5 | G62: NZOLA
B63: DIA | C63: 5 | D63: 5 | E63: 5 | F63: 5.5 | G63: MARTINEZ L.
B66: Chicago Hasbulls | D66: 1 | E66: 1 | G66: Real ZeLo
D67: 66.5 | E67: 67.5
B69: CAPRILE | C69: 6.5 | D69: 4.5 | E69: 4 | F69: 6 | G69: DI GREGORIO
B70: MIRANDA J. | C70: 6.5 | D70: 6 | E70: 3 | F70: 4 | G70: NDIAYE
B71: BEUKEMA | C71: 5.5 | D71: 5.5 | E71: 6.5 | F71: 6.5 | G71: GASPAR K.
B72: GASPAR K. | C72: 6.5 | D72: 6.5 | E72: 7 | F72: 7 | G72: GILA
B73: VOJVODA | C73: 6.5 | D73: 6.5 | E73: 6 | F73: 6 | G73: ZAPPA
B74: CALHANOGLU | C74: 6.5 | D74: 6.5 | E74: 6.5 | F74: 6.5 | G74: ATTA
B75: KONÈ M. | C75: 6.5 | D75: 6.5 | E75: 6 | F75: 6 | G75: FRENDRUP
B76: MALINOVSKYI | C76: 5.5 | D76: 5 | E76: 5.5 | F76: 5.5 | G76: NERES
B77: ODGAARD | C77: 7 | D77: 8 | E77: 5 | F77: 5.5 | G77: BERARDI
B78: CASTRO S. | C78: 6 | D78: 6 | E78: 12 | F78: 8 | G78: PAZ N.
B79: DE KETELAERE | C79: 6 | D79: 5.5 | E79: 6 | F79: 6 | G79: KRSTOVIC
B82: F.C. Chiappe d ORO | D82: 0 | E82: 0 | G82: Fc Increduli
D83: 63.5 | E83: 57
B85: SVILAR | C85: 5.5 | D85: 4.5 | E85: 0 | F85: 0 | G85: Giocatore1
B86: BASCHIROTTO | C86: 5.5 | D86: 5.5 | E86: 5.5 | F86: 5.5 | G86: LUPERTO
B87: SOLET | C87: 5 | D87: 5 | E87: 6 | F87: 6 | G87: DJIMSITI
B88: GABBIA | C88: 5.5 | D88: 5.5 | E88: 6.5 | F88: 6.5 | G88: IDZES
B89: DI LORENZO | C89: 5.5 | D89: 5.5 | E89: 6 | F89: 6 | G89: DUMFRIES
B90: NICOLUSSI CAVIGLIA | C90: 6 | D90: 5.5 | E90: 5 | F90: 6 | G90: OSTIGARD*
B91: EDERSON D.S. | C91: 6 | D91: 6 | E91: 5.5 | F91: 6.5 | G91: VITIK*
B92: YILDIZ | C92: 6 | D92: 6 | E92: 6.5 | F92: 6.5 | G92: SERDAR
B93: ODGAARD | C93: 7 | D93: 8 | E93: 5.5 | F93: 5.5 | G93: ELMAS
B94: ISAKSEN | C94: 6 | D94: 6 | E94: 5.5 | F94: 5.5 | G94: VLAHOVIC
B95: KRSTOVIC | C95: 6 | D95: 6 | E95: 5 | F95: 5 | G95: DAVID
B98: FC LONGOBARDA | D98: 1 | E98: 0 | G98: Real Lekkoba
D99: 66 | E99: 63.5
B101: MONTIPÒ | C101: 6 | D101: 6 | E101: 5 | F101: 6 | G101: MILINKOVIC-SAVIC V.
B102: KELLY L. | C102: 6 | D102: 5.5 | E102: 6 | F102: 6 | G102: SCALVINI
B103: PAVLOVIC | C103: 6 | D103: 6 | E103: 6.5 | F103: 6.5 | G103: ACERBI
B104: TOMORI | C104: 6 | D104: 5.5 | E104: 5.5 | F104: 5.5 | G104: GABBIA
B105: CAMBIASO | C105: 5.5 | D105: 5.5 | E105: 6 | F105: 6 | G105: DUMFRIES
B106: EDERSON D.S. | C106: 6 | D106: 6 | E106: 6.5 | F106: 6.5 | G106: MODRIC
B107: BARELLA | C107: 6.5 | D107: 7.5 | E107: 6.5 | F107: 6.5 | G107: ATTA
B108: CANCELLIERI | C108: 6 | D108: 6 | E108: 5.5 | F108: 5.5 | G108: SAELEMAEKERS
B109: DYBALA | C109: 6 | D109: 6 | E109: 5.5 | F109: 5.5 | G109: LAURIENTÈ
B110: FAZZINI | C110: 6 | D110: 6 | E110: 5 | F110: 5 | G110: LUCCA
B111: KRSTOVIC | C111: 6 | D111: 6 | E111: 5.5 | F111: 5.5 | G111: SOULÈ
B114: FC Polidem | D114: 1 | E114: 0 | G114: Hillboyss
D115: 66.5 | E115: 63
B117: SOMMER | C117: 6.5 | D117: 6.5 | E117: 5 | F117: 6 | G117: MILINKOVIC-SAVIC V.
B118: DOIG | C118: 6 | D118: 5.5 | E118: 5.5 | F118: 6 | G118: KELLY L.
B119: NELSSON | C119: 6.5 | D119: 6.5 | E119: 5.5 | F119: 5.5 | G119: GABBIA
B120: HIEN | C120: 6 | D120: 5.5 | E120: 6 | F120: 6 | G120: PAVLOVIC
B121: WALUKIEWICZ | C121: 6.5 | D121: 6.5 | E121: 6.5 | F121: 6.5 | G121: PALESTRA
B122: FRENDRUP | C122: 6 | D122: 6 | E122: 6.5 | F122: 6.5 | G122: MODRIC
...

Sheet Giornata 4
A1: Giornata 4
B2: AteGamE | D2: 2 | E2: 2 | G2: AC Clitoristo
D3: 70 | E3: 71
B5: SEMPER | C5: 6 | D5: 4 | E5: 6.5 | F5: 6.5 | G5: SVILAR
B6: PAVLOVIC | C6: 6 | D6: 6 | E6: 5.5 | F6: 5.5 | G6: MARUSIC
B7: GABBIA | C7: 5.5 | D7: 5.5 | E7: 6.5 | F7: 6.5 | G7: BASCHIROTTO
B8: MANCINI | C8: 6.5 | D8: 6 | E8: 6 | F8: 6 | G8: HIEN
B9: ZALEWSKI | C9: 6 | D9: 6 | E9: 6 | F9: 6 | G9: KALULU
B10: FOLORUNSHO | C10: 5.5 | D10: 5.5 | E10: 6.5 | F10: 6.5 | G10: PELLEGRINI LO.
B11: MALINOVSKYI | C11: 6.5 | D11: 6.5 | E11: 5.5 | F11: 5.5 | G11: MANDRAGORA
B12: SPINAZZOLA | C12: 6.5 | D12: 7.5 | E12: 10 | F12: 7 | G12: DYBALA
B13: SAMARDZIC | C13: 6.5 | D13: 6.5 | E13: 6.5 | F13: 6.5 | G13: SAMARDZIC
B14: DOVBYK | C14: 6.5 | D14: 6.5 | E14: 6.5 | F14: 6.5 | G14: ZANIOLO
B15: KEAN | C15: 7 | D15: 10 | E15: 5.5 | F15: 5.5 | G15: GIMENEZ
B18: AvelLino Banfi | D18: 1 | E18: 1 | G18: salumificio cardinali
D19: 69.5 | E19: 67
B21: CARNESECCHI | C21: 6.5 | D21: 5.5 | E21: 5.5 | F21: 7.5 | G21: LEALI
B22: DELPRATO | C22: 6 | D22: 6 | E22: 6 | F22: 6 | G22: VASQUEZ
B23: GOGLICHIDZE | C23: 6.5 | D23: 6.5 | E23: 5.5 | F23: 5.5 | G23: GATTI
B24: GATTI | C24: 5.5 | D24: 5.5 | E24: 6 | F24: 6 | G24: SOLET
B25: PIEROTTI | C25: 6.5 | D25: 6.5 | E25: 5.5 | F25: 5.5 | G25: BELLANOVA
B26: FRENDRUP | C26: 6 | D26: 5.5 | E26: 5.5 | F26: 5.5 | G26: PASALIC
B27: THURAM K. | C27: 5.5 | D27: 5.5 | E27: 6.5 | F27: 6.5 | G27: CRISTANTE
B28: KARLSTROM | C28: 7 | D28: 10 | E28: 6 | F28: 6 | G28: CONCEICAO
B29: POLITANO | C29: 6 | D29: 6 | E29: 6.5 | F29: 6.5 | G29: ZANIOLO
B30: ZANIOLO | C30: 6.5 | D30: 6.5 | E30: 9 | F30: 6.5 | G30: GUDMUNDSSON A.
B31: CUTRONE | C31: 6 | D31: 6 | E31: 5 | F31: 5 | G31: KRSTOVIC
B34: Equitalia SpA | D34: 2 | E34: 1 | G34: Bayern Muten
D35: 72.5 | E35: 66
B37: SOMMER | C37: 6 | D37: 3 | E37: 3 | F37: 6 | G37: SOMMER
B38: MIRANDA J. | C38: 6.5 | D38: 6.5 | E38: 6.5 | F38: 6.5 | G38: BASCHIROTTO
B39: COCO | C39: 6 | D39: 6 | E39: 5.5 | F39: 6 | G39: BASTONI
B40: HEGGEM | C40: 6 | D40: 6 | E40: 5.5 | F40: 5.5 | G40: DJIMSITI
B41: WALUKIEWICZ | C41: 5.5 | D41: 5.5 | E41: 5 | F41: 5 | G41: ZAPPA
B42: MODRIC | C42: 6.5 | D42: 7.5 | E42: 6.5 | F42: 6.5 | G42: CRISTANTE
B43: CALHANOGLU | C43: 7 | D43: 10 | E43: 6.5 | F43: 6.5 | G43: BERNABÈ
B44: LEAO | C44: 7 | D44: 10 | E44: 6 | F44: 6 | G44: DIMARCO
B45: DA CUNHA | C45: 6 | D45: 6 | E45: 6 | F45: 6 | G45: YILDIZ
B46: ORSOLINI | C46: 6 | D46: 6 | E46: 9.5 | F46: 7 | G46: NZOLA
B47: OPENDA | C47: 6 | D47: 6 | E47: 6 | F47: 6 | G47: LOOKMAN
B50: FC Demepoli | D50: 1 | E50: 0 | G50: Fc Increduli
D51: 66.5 | E51: 64.5
B53: SVILAR | C53: 6.5 | D53: 6.5 | E53: 6.5 | F53: 6.5 | G53: BUTEZ
B54: GILA | C54: 6.5 | D54: 6.5 | E54: 5.5 | F54: 5.5 | G54: IDZES
B55: AKANJI | C55: 5 | D55: 5 | E55: 6 | F55: 6 | G55: OSTIGARD
B56: DELPRATO | C56: 6 | D56: 6 | E56: 5.5 | F56: 5.5 | G56: DJIMSITI
B57: DODÒ | C57: 6 | D57: 6 | E57: 5.5 | F57: 5.5 | G57: DUMFRIES
B58: DE ROON | C58: 6 | D58: 6 | E58: 6 | F58: 6 | G58: SERDAR
B59: THORSTVEDT | C59: 5 | D59: 4.5 | E59: 6 | F59: 6 | G59: TOURÈ I.
B60: FREULER | C60: 6 | D60: 5.5 | E60: 6 | F60: 6 | G60: EL AYNAOUI
B61: ELLERTSSON | C61: 5.5 | D61: 5.5 | E61: 7 | F61: 7 | G61: ISAKSEN
B62: MARTINEZ L. | C62: 5 | D62: 5 | E62: 5 | F62: 5 | G62: DAVID
B63: CAMBIAGHI | C63: 7 | D63: 10 | E63: 5.5 | F63: 6 | G63: SCAMACCA
B66: FC Polidem | D66: 2 | E66: 0 | G66: Ahh poesse
D67: 72 | E67: 61
B69: SOMMER | C69: 6 | D69: 3 | E69: 4 | F69: 6 | G69: DE GEA
B70: ZAPPA | C70: 5 | D70: 5 | E70: 5.5 | F70: 5.5 | G70: MARUSIC
B71: HIEN | C71: 6 | D71: 6 | E71: 6.5 | F71: 6.5 | G71: BASCHIROTTO
B72: NELSSON | C72: 5.5 | D72: 5 | E72: 5 | F72: 5.5 | G72: NELSSON
B73: BELLANOVA | C73: 5.5 | D73: 5.5 | E73: 6 | F73: 6 | G73: NORTON-CUFFY
B74: FOLORUNSHO | C74: 5.5 | D74: 5.5 | E74: 6 | F74: 6.5 | G74: GUENDOUZI
B75: CALHANOGLU | C75: 7 | D75: 10 | E75: 5 | F75: 5.5 | G75: MCKENNIE
B76: BIANCHETTI | C76: 6 | D76: 6 | E76: 6 | F76: 6 | G76: YILDIZ
B77: ZANIOLO | C77: 6.5 | D77: 6.5 | E77: 5.5 | F77: 5.5 | G77: PAZ N.
B78: DE BRUYNE | C78: 7 | D78: 10 | E78: 6 | F78: 6 | G78: ZACCAGNI
B79: DAVIS K. | C79: 7 | D79: 9.5 | E79: 5.5 | F79: 5.5 | G79: SIMEONE
B82: FantAllegri | D82: 1 | E82: 1 | G82: Horto Muso Zorteam
D83: 66.5 | E83: 68.5
B85: PERIN | C85: 6 | D85: 5 | E85: 5.5 | F85: 6.5 | G85: MILINKOVIC-SAVIC V.
B86: SABELLI | C86: 5.5 | D86: 3.5 | E86: 5.5 | F86: 5.5 | G86: DJIMSITI
B87: PONGRACIC | C87: 5.5 | D87: 5.5 | E87: 6 | F87: 6 | G87: HIEN
B88: ACERBI | C88: 5 | D88: 5 | E88: 5.5 | F88: 5.5 | G88: BUONGIORNO
B89: MARUSIC | C89: 5.5 | D89: 5.5 | E89: 7 | F89: 7 | G89: TERRACCIANO F.
B90: MANDRAGORA | C90: 5.5 | D90: 5.5 | E90: 10.5 | F90: 7.5 | G90: ZAMBO ANGUISSA
B91: KARLSTROM | C91: 7 | D91: 10 | E91: 6.5 | F91: 6.5 | G91: KONÈ M.
B92: SUCIC P. | C92: 6 | D92: 6 | E92: 6 | F92: 6 | G92: DIMARCO
B93: MKHITARYAN | C93: 5.5 | D93: 5.5 | E93: 5 | F93: 5.5 | G93: VLASIC
B94: DZEKO | C94: 5.5 | D94: 5 | E94: 5.5 | F94: 5.5 | G94: VLAHOVIC
B95: KEAN | C95: 7 | D95: 10 | E95: 5.5 | F95: 6 | G95: SCAMACCA
B98: Forche di Roso FC | D98: 0 | E98: 1 | G98: Hillboyss
D99: 64.5 | E99: 67.5
B101: BUTEZ | C101: 6.5 | D101: 6.5 | E101: 5.5 | F101: 6.5 | G101: MILINKOVIC-SAVIC V.
B102: VASQUEZ | C102: 6 | D102: 6 | E102: 5 | F102: 5 | G102: DE WINTER
B103: N'DICKA | C103: 6 | D103: 6 | E103: 5.5 | F103: 5.5 | G103: GABBIA
B104: DE WINTER | C104: 5 | D104: 5 | E104: 6 | F104: 6 | G104: PAVLOVIC
B105: DUMFRIES | C105: 5.5 | D105: 5.5 | E105: 5.5 | F105: 5.5 | G105: PALESTRA
B106: BARELLA | C106: 6 | D106: 6 | E106: 7.5 | F106: 6.5 | G106: MODRIC
B107: THURAM K. | C107: 5.5 | D107: 5.5 | E107: 5.5 | F107: 5.5 | G107: THURAM K.
B108: CONCEICAO | C108: 6 | D108: 6 | E108: 6 | F108: 6 | G108: CONCEICAO
B109: BERARDI | C109: 5.5 | D109: 5.5 | E109: 6 | F109: 6 | G109: SOULÈ
B110: VANDEPUTTE | C110: 6.5 | D110: 6.5 | E110: 9 | F110: 6.5 | G110: GUDMUNDSSON A.
B111: DIA | C111: 6 | D111: 6 | E111: 6 | F111: 6 | G111: BAILEY
B114: Fusbana | D114: 2 | E114: 1 | G114: FC Arrisse
D115: 71 | E115: 67.5
B117: DE GEA | C117: 6 | D117: 4 | E117: 5 | F117: 7 | G117: SKORUPSKI
B118: SOLET | C118: 6 | D118: 6 | E118: 5.5 | F118: 5.5 | G118: RANIERI L.
B119: GATTI | C119: 5.5 | D119: 5.5 | E119: 6.5 | F119: 6.5 | G119: GOGLICHIDZE
B120: ISMAJLI | C120: 6 | D120: 6 | E120: 6 | F120: 6 | G120: UNAI NUNEZ
B121: VOJVODA | C121: 6 | D121: 6 | E121: 6 | F121: 6 | G121: DIMARCO
B122: PERRONE | C122: 6 | D122: 6 | E122: 7.5 | F122: 6.5 | G122: MODRIC
...

Sheet Giornata 5
A1: Giornata 5
B2: AC Clitoristo | D2: 1 | E2: 2 | G2: As LucaGorets
D3: 68 | E3: 71.5
B5: SVILAR | C5: 7 | D5: 6 | E5: 5 | F5: 6 | G5: DE GEA
B6: MARUSIC | C6: 6.5 | D6: 6.5 | E6: 6.5 | F6: 6.5 | G6: GILA
B7: BASCHIROTTO | C7: 5.5 | D7: 5.5 | E7: 5 | F7: 5.5 | G7: MUHAREMOVIC
B8: HIEN | C8: 5.5 | D8: 5.5 | E8: 6 | F8: 6 | G8: AKANJI
B9: KALULU | C9: 6.5 | D9: 6.5 | E9: 10 | F9: 7 | G9: MIRANDA J.
B10: KOOPMEINERS | C10: 6 | D10: 6 | E10: 7 | F10: 7 | G10: ATTA
B11: MANDRAGORA | C11: 5 | D11: 5 | E11: 6 | F11: 6 | G11: KONÈ M.
B12: DYBALA | C12: 5 | D12: 2 | E12: 5 | F12: 5 | G12: ZALEWSKI
B13: ZANIOLO | C13: 7 | D13: 10 | E13: 5.5 | F13: 5.5 | G13: GUDMUNDSSON A.
B14: MALINOVSKYI | C14: 7 | D14: 9.5 | E14: 6 | F14: 6 | G14: LAURIENTÈ
B15: SAMARDZIC | C15: 5.5 | D15: 5.5 | E15: 9.5 | F15: 6.5 | G15: SIMEONE
B18: Ahh poesse | D18: 3 | E18: 2 | G18: Real Lekkoba
D19: 74 | E19: 72
B21: DE GEA | C21: 6 | D21: 5 | E21: 10 | F21: 7 | G21: MILINKOVIC-SAVIC V.
B22: MARUSIC | C22: 6.5 | D22: 6.5 | E22: 6 | F22: 6 | G22: KOSSOUNOU
B23: CARACCIOLO A. | C23: 6 | D23: 6 | E23: 6 | F23: 6 | G23: LUCUMÌ
B24: BASCHIROTTO | C24: 5.5 | D24: 5.5 | E24: 6.5 | F24: 6.5 | G24: GABBIA
B25: NORTON-CUFFY | C25: 7 | D25: 7 | E25: 6 | F25: 6 | G25: DUMFRIES
B26: GUENDOUZI | C26: 7 | D26: 7 | E26: 7 | F26: 7 | G26: ATTA
B27: LOCATELLI | C27: 7 | D27: 7 | E27: 6.5 | F27: 6.5 | G27: MODRIC
B28: ZACCAGNI | C28: 7 | D28: 10 | E28: 6.5 | F28: 6.5 | G28: SAELEMAEKERS
B29: PAZ N. | C29: 5.5 | D29: 5.5 | E29: 6 | F29: 6 | G29: LAURIENTÈ
B30: POLITANO | C30: 5.5 | D30: 5 | E30: 5.5 | F30: 5.5 | G30: HOJLUND
B31: SIMEONE | C31: 6.5 | D31: 9.5 | E31: 6 | F31: 6 | G31: SOULÈ
B34: AteGamE | D34: 0 | E34: 0 | G34: AvelLino Banfi
D35: 62.5 | E35: 65.5
B37: SEMPER | C37: 6.5 | D37: 4.5 | E37: 5.5 | F37: 6.5 | G37: CARNESECCHI
B38: MANCINI | C38: 5.5 | D38: 5 | E38: 5.5 | F38: 5.5 | G38: DELPRATO
B39: GABBIA | C39: 6.5 | D39: 6.5 | E39: 5 | F39: 5 | G39: GATTI
B40: RANIERI L. | C40: 5 | D40: 4.5 | E40: 5.5 | F40: 5.5 | G40: MINA
B41: SPINAZZOLA | C41: 5.5 | D41: 5.5 | E41: 5 | F41: 5.5 | G41: POLITANO
B42: MALINOVSKYI | C42: 7 | D42: 9.5 | E42: 6 | F42: 6 | G42: COULIBALY L.
B43: FOLORUNSHO | C43: 6 | D43: 6 | E43: 6 | F43: 6 | G43: FRENDRUP
B44: ZAPPACOSTA | C44: 5.5 | D44: 5.5 | E44: 6 | F44: 6 | G44: THURAM K.
B45: SAMARDZIC | C45: 5.5 | D45: 5.5 | E45: 5.5 | F45: 5.5 | G45: NERES
B46: KEAN | C46: 5 | D46: 4.5 | E46: 10 | F46: 7 | G46: ZANIOLO
B47: DOVBYK | C47: 5.5 | D47: 5.5 | E47: 5.5 | F47: 5.5 | G47: ESPOSITO SE.
B50: Bayern Muten | D50: 1 | E50: 3 | G50: TheStars94
D51: 67 | E51: 77
B53: SOMMER | C53: 5.5 | D53: 4.5 | E53: 5.5 | F53: 6.5 | G53: CARNESECCHI
B54: COCO | C54: 6 | D54: 6 | E54: 6.5 | F54: 6.5 | G54: RAMON
B55: PONGRACIC | C55: 5.5 | D55: 5.5 | E55: 5.5 | F55: 5.5 | G55: BASTONI
B56: BASTONI | C56: 5.5 | D56: 5.5 | E56: 6 | F56: 6 | G56: HEGGEM
B57: DIMARCO | C57: 6 | D57: 6 | E57: 5.5 | F57: 5.5 | G57: ZAPPACOSTA
B58: KOOPMEINERS | C58: 6 | D58: 6 | E58: 6 | F58: 6 | G58: KOOPMEINERS
B59: CRISTANTE | C59: 6 | D59: 6 | E59: 5.5 | F59: 5.5 | G59: PASALIC
B60: BERNABÈ | C60: 7 | D60: 10 | E60: 10 | F60: 7 | G60: CAMBIASO
B61: BELLANOVA | C61: 6 | D61: 6 | E61: 7.5 | F61: 6.5 | G61: LEAO
B62: LOOKMAN | C62: 5.5 | D62: 5.5 | E62: 13 | F62: 7.5 | G62: CASTRO S.
B63: NZOLA | C63: 6 | D63: 6 | E63: 6 | F63: 6 | G63: SOULÈ
B66: CamerierCarlo | D66: 1 | E66: 3 | G66: Berlusca Dortmund
D67: 68 | E67: 76.5
B69: CARNESECCHI | C69: 6.5 | D69: 5.5 | E69: 6 | F69: 6 | G69: PROVEDEL
B70: KALULU | C70: 6.5 | D70: 6.5 | E70: 6 | F70: 6 | G70: PROVSTGAARD
B71: ROMAGNOLI | C71: 6 | D71: 6 | E71: 6 | F71: 6 | G71: IDZES
B72: KOSSOUNOU | C72: 6 | D72: 6 | E72: 10.5 | F72: 7.5 | G72: PAVLOVIC
B73: KAMARA H. | C73: 7 | D73: 7.5 | E73: 5.5 | F73: 5.5 | G73: FLORIANI MUSSOLINI
B74: SAELEMAEKERS | C74: 6.5 | D74: 6.5 | E74: 6 | F74: 6 | G74: CRISTANTE
B75: FAGIOLI | C75: 5 | D75: 4.5 | E75: 5.5 | F75: 6 | G75: ZAMBO ANGUISSA
B76: FOFANA Y. | C76: 5.5 | D76: 5 | E76: 5.5 | F76: 5.5 | G76: DODÒ
B77: ISAKSEN | C77: 7 | D77: 10 | E77: 10 | F77: 7 | G77: ZACCAGNI
B78: DIA | C78: 5 | D78: 5 | E78: 10 | F78: 7 | G78: ADAMS C.
B79: HOJLUND | C79: 5.5 | D79: 5.5 | E79: 5.5 | F79: 5.5 | G79: LOOKMAN
B82: Chicago Hasbulls | D82: 4 | E82: 2 | G82: Fc Increduli
D83: 81 | E83: 71
B85: DE GEA | C85: 6 | D85: 5 | E85: 5 | F85: 6 | G85: SKORUPSKI
B86: HOLM | C86: 6.5 | D86: 7.5 | E86: 10 | F86: 7 | G86: OSTIGARD
B87: RRAHMANI | C87: 6.5 | D87: 6.5 | E87: 6 | F87: 6 | G87: IDZES
B88: ISMAJLI | C88: 6 | D88: 7 | E88: 6 | F88: 6 | G88: KOSSOUNOU
B89: MIRANDA J. | C89: 7 | D89: 10 | E89: 6 | F89: 6 | G89: DUMFRIES
B90: GUENDOUZI | C90: 7 | D90: 7 | E90: 5.5 | F90: 6 | G90: EL AYNAOUI
B91: KONÈ M. | C91: 6 | D91: 6 | E91: 6 | F91: 6 | G91: TOURÈ I.
B92: CALHANOGLU | C92: 7 | D92: 8 | E92: 4.5 | F92: 5.5 | G92: LUIS HENRIQUE*
B93: ODGAARD | C93: 6 | D93: 6 | E93: 10 | F93: 7 | G93: ISAKSEN
B94: CASTRO S. | C94: 7.5 | D94: 13 | E94: 6.5 | F94: 6.5 | G94: VLAHOVIC
B95: DE KETELAERE | C95: 5.5 | D95: 5 | E95: 5.5 | F95: 5.5 | G95: SCAMACCA
B98: F.C. Chiappe d ORO | D98: 1 | E98: 1 | G98: ReaL Fantonio
D99: 68.5 | E99: 66.5
B101: SVILAR | C101: 7 | D101: 6 | E101: 10 | F101: 7 | G101: MAIGNAN
B102: DI LORENZO | C102: 5.5 | D102: 5.5 | E102: 6 | F102: 6.5 | G102: HERMOSO
B103: GABBIA | C103: 6.5 | D103: 6.5 | E103: 5 | F103: 5 | G103: GATTI
B104: SOLET | C104: 6.5 | D104: 6.5 | E104: 6 | F104: 6 | G104: COCO
B105: MARTIN | C105: 6.5 | D105: 7.5 | E105: 6 | F105: 6 | G105: CARLOS AUGUSTO
B106: NICOLUSSI CAVIGLIA | C106: 5 | D106: 4.5 | E106: 6 | F106: 6 | G106: PELLEGRINI LO.
B107: EDERSON D.S. | C107: 5.5 | D107: 5 | E107: 6.5 | F107: 6.5 | G107: KONÈ I.
B108: ISAKSEN | C108: 7 | D108: 10 | E108: 5 | F108: 5.5 | G108: CASADEI
B109: ODGAARD | C109: 6 | D109: 6 | E109: 5.5 | F109: 6 | G109: PERRONE
B110: DIAO | C110: 6.5 | D110: 6.5 | E110: 5 | F110: 5.5 | G110: POLITANO
B111: KRSTOVIC | C111: 5 | D111: 4.5 | E111: 5.5 | F111: 5.5 | G111: PAZ N.
B114: FC Arrisse | D114: 1 | E114: 2 | G114: Vojvodka liscia
D115: 67 | E115: 72
B117: SKORUPSKI | C117: 6 | D117: 5 | E117: 10 | F117: 7 | G117: MAIGNAN
B118: RANIERI L. | C118: 5 | D118: 4.5 | E118: 5.5 | F118: 6 | G118: BISSECK
B119: RRAHMANI | C119: 6.5 | D119: 6.5 | E119: 6.5 | F119: 6.5 | G119: SOLET
B120: MINA | C120: 5.5 | D120: 5.5 | E120: 6 | F120: 6 | G120: BUONGIORNO
B121: DIMARCO | C121: 6 | D121: 6 | E121: 6 | F121: 6 | G121: LAZARO
B122: MODRIC | C122: 6.5 | D122: 6.5 | E122: 5.5 | F122: 5.5 | G122: SUCIC P.
...

Sheet Giornata 6
A1: Giornata 6
B2: AC Nostalgici 1922 | D2: 0 | E2: 0 | G2: FC Arrisse
D3: 65.5 | E3: 61.5
B5: BUTEZ | C5: 6.5 | D5: 6.5 | E5: 0 | F5: 0 | G5: Giocatore0
B6: FLORIANI MUSSOLINI | C6: 6 | D6: 6 | E6: 4.5 | F6: 5 | G6: RANIERI L.
B7: AKANJI | C7: 6 | D7: 5.5 | E7: 5 | F7: 5 | G7: RRAHMANI
B8: MANCINI | C8: 6.5 | D8: 7.5 | E8: 7 | F8: 7 | G8: MINA
B9: VASQUEZ | C9: 5.5 | D9: 5.5 | E9: 8 | F9: 7 | G9: DIMARCO
B10: MANDRAGORA | C10: 5.5 | D10: 5.5 | E10: 5.5 | F10: 6 | G10: MODRIC
B11: PRATI | C11: 6 | D11: 5.5 | E11: 5.5 | F11: 6 | G11: MARIN M.
B12: SOTTIL | C12: 6.5 | D12: 6.5 | E12: 5.5 | F12: 5.5 | G12: MCTOMINAY
B13: VLASIC | C13: 6 | D13: 6 | E13: 5 | F13: 5 | G13: HARROUI
B14: ORSOLINI | C14: 6 | D14: 5.5 | E14: 5.5 | F14: 5.5 | G14: DE KETELAERE
B15: VARDY | C15: 5.5 | D15: 5.5 | E15: 10 | F15: 7 | G15: MARTINEZ L.
B18: As LucaGorets | D18: 2 | E18: 1 | G18: Ahh poesse
D19: 70 | E19: 67.5
B21: DE GEA | C21: 6.5 | D21: 7.5 | E21: 7.5 | F21: 6.5 | G21: DE GEA
B22: AKANJI | C22: 6 | D22: 5.5 | E22: 6 | F22: 6 | G22: NORTON-CUFFY
B23: DJIMSITI | C23: 5 | D23: 5 | E23: 5.5 | F23: 5.5 | G23: BASCHIROTTO
B24: MUHAREMOVIC | C24: 6.5 | D24: 6.5 | E24: 6.5 | F24: 6.5 | G24: CARACCIOLO A.
B25: BARBIERI | C25: 5.5 | D25: 5.5 | E25: 6 | F25: 6 | G25: VALERI
B26: KONÈ M. | C26: 6.5 | D26: 6.5 | E26: 6 | F26: 6 | G26: LOCATELLI
B27: ATTA | C27: 5.5 | D27: 5.5 | E27: 5.5 | F27: 5.5 | G27: GUENDOUZI
B28: MIRANDA J. | C28: 6.5 | D28: 6.5 | E28: 6 | F28: 6.5 | G28: ZACCAGNI
B29: GUDMUNDSSON A. | C29: 7 | D29: 10 | E29: 6.5 | F29: 6.5 | G29: PAZ N.
B30: VARDY | C30: 5.5 | D30: 5.5 | E30: 6 | F30: 6 | G30: YILDIZ
B31: SIMEONE | C31: 6 | D31: 6 | E31: 6 | F31: 6 | G31: SIMEONE
B34: AteGamE | D34: 0 | E34: 1 | G34: PEPE SCANNATU
D35: 63.5 | E35: 69.5
B37: SEMPER | C37: 6.5 | D37: 6.5 | E37: 4.5 | F37: 6.5 | G37: LEALI
B38: PAVLOVIC | C38: 5.5 | D38: 5.5 | E38: 7.5 | F38: 6.5 | G38: MANCINI
B39: GABBIA | C39: 6 | D39: 6 | E39: 6.5 | F39: 6.5 | G39: WALUKIEWICZ
B40: MANCINI | C40: 6.5 | D40: 7.5 | E40: 6 | F40: 6 | G40: ACERBI
B41: ZAPPACOSTA | C41: 5 | D41: 5 | E41: 8 | F41: 7 | G41: DIMARCO
B42: FOLORUNSHO | C42: 5.5 | D42: 5.5 | E42: 7.5 | F42: 6.5 | G42: THORSTVEDT
B43: CASADEI | C43: 6 | D43: 6 | E43: 6.5 | F43: 6.5 | G43: KONÈ M.
B44: GUTIERREZ | C44: 5.5 | D44: 5.5 | E44: 5.5 | F44: 5.5 | G44: PIEROTTI
B45: SAMARDZIC | C45: 4.5 | D45: 4.5 | E45: 6.5 | F45: 6.5 | G45: VAZQUEZ
B46: COLOMBO | C46: 5.5 | D46: 5.5 | E46: 5 | F46: 5 | G46: LOOKMAN
B47: DOVBYK | C47: 6 | D47: 6 | E47: 6 | F47: 6 | G47: NZOLA
B50: Bayern Muten | D50: 1 | E50: 1 | G50: AvelLino Banfi
D51: 67.5 | E51: 66
B53: SOMMER | C53: 6 | D53: 6 | E53: 2 | F53: 5 | G53: CARNESECCHI
B54: COCO | C54: 6.5 | D54: 6.5 | E54: 7 | F54: 7 | G54: MINA
B55: BASCHIROTTO | C55: 5.5 | D55: 5.5 | E55: 6.5 | F55: 6.5 | G55: CARACCIOLO A.
B56: BASTONI | C56: 6.5 | D56: 7.5 | E56: 10.5 | F56: 7.5 | G56: DELPRATO
B57: DIMARCO | C57: 7 | D57: 8 | E57: 5 | F57: 5 | G57: POLITANO
B58: CRISTANTE | C58: 6.5 | D58: 6 | E58: 6.5 | F58: 6.5 | G58: THURAM K.
B59: KOOPMEINERS | C59: 6 | D59: 6 | E59: 5 | F59: 5.5 | G59: COULIBALY L.
B60: BELLANOVA | C60: 5 | D60: 5 | E60: 7 | F60: 6.5 | G60: MARTIN
B61: LOOKMAN | C61: 5 | D61: 5 | E61: 5 | F61: 5 | G61: ZANIOLO
B62: NZOLA | C62: 6 | D62: 6 | E62: 5.5 | F62: 5.5 | G62: GIOVANE
B63: YILDIZ | C63: 6 | D63: 6 | E63: 6 | F63: 6 | G63: THURAM
B66: CamerierCarlo | D66: 0 | E66: 1 | G66: Vojvodka liscia
D67: 59 | E67: 69.5
B69: CARNESECCHI | C69: 5 | D69: 2 | E69: 4 | F69: 6 | G69: MAIGNAN
B70: KALULU | C70: 6.5 | D70: 6.5 | E70: 5.5 | F70: 5.5 | G70: BUONGIORNO
B71: KOSSOUNOU | C71: 5.5 | D71: 5.5 | E71: 6.5 | F71: 6.5 | G71: TIAGO GABRIEL
B72: ROMAGNOLI | C72: 5 | D72: 5 | E72: 10 | F72: 7 | G72: CELIK
B73: ESTUPINAN | C73: 5 | D73: 5 | E73: 5 | F73: 5.5 | G73: DODÒ
B74: SAELEMAEKERS | C74: 7 | D74: 10 | E74: 5.5 | F74: 5.5 | G74: ZAMBO ANGUISSA
B75: FOFANA Y. | C75: 5 | D75: 5 | E75: 5.5 | F75: 6 | G75: SUCIC P.
A76: * | B76: WESLEY* | C76: 6 | D76: 5 | E76: 6 | F76: 6 | G76: CONCEICAO
B77: ISAKSEN | C77: 5.5 | D77: 5.5 | E77: 6 | F77: 6 | G77: CARBONI V.
B78: HOJLUND | C78: 5 | D78: 4.5 | E78: 5.5 | F78: 5.5 | G78: ISAKSEN
B79: DIAO | C79: 5 | D79: 5 | E79: 10 | F79: 7 | G79: MARTINEZ L.
B82: Chicago Hasbulls | D82: 1 | E82: 1 | G82: Pepinho City
D83: 67 | E83: 67
B85: DE GEA | C85: 6.5 | D85: 7.5 | E85: 6.5 | F85: 6.5 | G85: SVILAR
B86: MIRANDA J. | C86: 6.5 | D86: 6.5 | E86: 4.5 | F86: 5 | G86: RANIERI L.
B87: GASPAR K. | C87: 6 | D87: 6 | E87: 4.5 | F87: 4.5 | G87: HIEN
B88: RRAHMANI | C88: 5 | D88: 5 | E88: 6 | F88: 6 | G88: CANESTRELLI
B89: HOLM | C89: 7 | D89: 8 | E89: 5.5 | F89: 6 | G89: TERRACCIANO F.
B90: FOLORUNSHO | C90: 5.5 | D90: 5.5 | E90: 10 | F90: 7 | G90: TOURÈ I.
B91: KONÈ M. | C91: 6.5 | D91: 6.5 | E91: 7.5 | F91: 6.5 | G91: THORSTVEDT
B92: CALHANOGLU | C92: 6.5 | D92: 6.5 | E92: 5.5 | F92: 5.5 | G92: MCTOMINAY
B93: ODGAARD | C93: 6 | D93: 6 | E93: 5 | F93: 5 | G93: DIAO
B94: DE KETELAERE | C94: 5.5 | D94: 5.5 | E94: 6 | F94: 6 | G94: DOVBYK
B95: MORATA | C95: 4.5 | D95: 4 | E95: 6 | F95: 6 | G95: SIMEONE
B98: Equitalia SpA | D98: 3 | E98: 5 | G98: PETRUS
D99: 77 | E99: 82.5
B101: SOMMER | C101: 6 | D101: 6 | E101: 6.5 | F101: 6.5 | G101: DI GREGORIO
B102: WALUKIEWICZ | C102: 6.5 | D102: 6.5 | E102: 10 | F102: 7 | G102: OSTIGARD
B103: HEGGEM | C103: 6.5 | D103: 6.5 | E103: 5.5 | F103: 5.5 | G103: OBERT
B104: COCO | C104: 6.5 | D104: 6.5 | E104: 6.5 | F104: 6.5 | G104: LUPERTO
B105: MIRANDA J. | C105: 6.5 | D105: 6.5 | E105: 6 | F105: 6 | G105: WESLEY
B106: CALHANOGLU | C106: 6.5 | D106: 6.5 | E106: 4.5 | F106: 4.5 | G106: PASALIC
B107: MODRIC | C107: 6 | D107: 5.5 | E107: 6 | F107: 6 | G107: BERISHA M.
B108: ORSOLINI | C108: 6 | D108: 5.5 | E108: 6.5 | F108: 6.5 | G108: BELGHALI
B109: TRAMONI M. | C109: 6.5 | D109: 7.5 | E109: 10 | F109: 7 | G109: LEAO
B110: LEAO | C110: 7 | D110: 10 | E110: 15.5 | F110: 8.5 | G110: BERARDI
B111: PICCOLI | C111: 7 | D111: 10 | E111: 5.5 | F111: 5.5 | G111: DAVID
B114: FC Arrisse Junior | D114: 1 | E114: 0 | G114: Atletico Viperetta
D115: 66.5 | E115: 64.5
B117: PROVEDEL | C117: 6 | D117: 4 | E117: 4 | F117: 6 | G117: MAIGNAN
B118: HEGGEM | C118: 6.5 | D118: 6.5 | E118: 6.5 | F118: 6.5 | G118: CARLOS AUGUSTO
B119: BUONGIORNO | C119: 5.5 | D119: 5.5 | E119: 6 | F119: 6 | G119: CANESTRELLI
B120: COCO | C120: 6.5 | D120: 6.5 | E120: 6 | F120: 6 | G120: BIANCHETTI
B121: CAMBIASO | C121: 5.5 | D121: 5.5 | E121: 10 | F121: 7 | G121: TOURÈ I.
B122: VECINO | C122: 6 | D122: 6 | E122: 5.5 | F122: 5.5 | G122: ATTA
...

Sheet Giornata 7
A1: Giornata 7
B2: AC Nostalgici 1922 | D2: 2 | E2: 2 | G2: ReaL Fantonio
D3: 73 | E3: 70.5
B5: LEALI | C5: 6.5 | D5: 5.5 | E5: 7 | F5: 7 | G5: MAIGNAN
B6: VASQUEZ | C6: 6.5 | D6: 6.5 | E6: 6 | F6: 6 | G6: HERMOSO
B7: IDZES | C7: 5 | D7: 5 | E7: 5.5 | F7: 5.5 | G7: MARIPAN
B8: AKANJI | C8: 6.5 | D8: 6.5 | E8: 5.5 | F8: 5.5 | G8: OSTIGARD
B9: MARUSIC | C9: 6 | D9: 6 | E9: 5.5 | F9: 6 | G9: TERRACCIANO F.
B10: MANDRAGORA | C10: 5.5 | D10: 5 | E10: 6.5 | F10: 6.5 | G10: PELLEGRINI LO.
B11: DA CUNHA | C11: 6 | D11: 6 | E11: 4.5 | F11: 5 | G11: KONÈ I.
B12: ZANOLI | C12: 6 | D12: 6 | E12: 6 | F12: 6 | G12: BERNARDESCHI
B13: VLASIC | C13: 6 | D13: 7 | E13: 8 | F13: 7 | G13: PAZ N.
B14: DAVIS K. | C14: 7.5 | D14: 10 | E14: 6 | F14: 6 | G14: POLITANO
B15: ORSOLINI | C15: 6.5 | D15: 9.5 | E15: 10 | F15: 7 | G15: DOUVIKAS
B18: Ahh poesse | D18: 3 | E18: 1 | G18: AC Clitoristo
D19: 74 | E19: 69.5
B21: DE GEA | C21: 6.5 | D21: 4.5 | E21: 5.5 | F21: 6.5 | G21: SVILAR
B22: VALERI | C22: 6 | D22: 6 | E22: 5.5 | F22: 6 | G22: OLIVERA
B23: NELSSON | C23: 5.5 | D23: 5.5 | E23: 6 | F23: 6.5 | G23: HIEN
B24: BASCHIROTTO | C24: 7 | D24: 7 | E24: 7.5 | F24: 6.5 | G24: KALULU
B25: MARUSIC | C25: 6 | D25: 6 | E25: 6 | F25: 6 | G25: MARUSIC
B26: BERNABÈ | C26: 5.5 | D26: 5.5 | E26: 6.5 | F26: 6.5 | G26: PELLEGRINI LO.
B27: MCKENNIE | C27: 6.5 | D27: 6.5 | E27: 5 | F27: 5.5 | G27: MANDRAGORA
B28: YILDIZ | C28: 7.5 | D28: 13.5 | E28: 6 | F28: 6 | G28: BERNARDESCHI
B29: PAZ N. | C29: 7 | D29: 8 | E29: 6 | F29: 6 | G29: MALINOVSKYI
B30: ZACCAGNI | C30: 6 | D30: 5.5 | E30: 10 | F30: 7 | G30: ZANIOLO
B31: ZAPATA D. | C31: 6 | D31: 6 | E31: 5.5 | F31: 5.5 | G31: THURAM
B34: As LucaGorets | D34: 1 | E34: 2 | G34: Real ZeLo
D35: 68.5 | E35: 71
B37: DE GEA | C37: 6.5 | D37: 4.5 | E37: 5 | F37: 6 | G37: PERIN
B38: DJIMSITI | C38: 6 | D38: 6 | E38: 6 | F38: 6 | G38: HERMOSO
B39: LUCUMÌ | C39: 5 | D39: 5 | E39: 6.5 | F39: 6.5 | G39: GASPAR K.
B40: AKANJI | C40: 6.5 | D40: 6.5 | E40: 5.5 | F40: 5.5 | G40: GILA
B41: MIRANDA J. | C41: 5.5 | D41: 5.5 | E41: 6.5 | F41: 6.5 | G41: MARTIN
B42: BERNABÈ | C42: 5.5 | D42: 5.5 | E42: 5.5 | F42: 6 | G42: ATTA
B43: KONÈ M. | C43: 5 | D43: 5 | E43: 6.5 | F43: 6.5 | G43: FRENDRUP
B44: ATTA | C44: 6 | D44: 5.5 | E44: 10 | F44: 7 | G44: NERES
B45: RODRIGUEZ JE. | C45: 5.5 | D45: 5.5 | E45: 6 | F45: 6 | G45: BERARDI
B46: GUDMUNDSSON A. | C46: 5.5 | D46: 5.5 | E46: 8 | F46: 7 | G46: PAZ N.
B47: VARDY | C47: 8 | D47: 14 | E47: 5.5 | F47: 6 | G47: ZACCAGNI
B50: AteGamE | D50: 0 | E50: 2 | G50: PETRUS
D51: 63.5 | E51: 72.5
B53: ISRAEL | C53: 6 | D53: 4 | E53: 5 | F53: 6 | G53: PERIN
B54: PAVLOVIC | C54: 6 | D54: 6 | E54: 6 | F54: 6 | G54: MARCANDALLI
B55: HERMOSO | C55: 6 | D55: 6 | E55: 5.5 | F55: 5.5 | G55: OSTIGARD
B56: GABBIA | C56: 6.5 | D56: 6 | E56: 3.5 | F56: 4.5 | G56: TROILO
B57: ZAPPACOSTA | C57: 6.5 | D57: 6.5 | E57: 5.5 | F57: 5.5 | G57: WESLEY
B58: FOLORUNSHO | C58: 5.5 | D58: 5 | E58: 6 | F58: 6 | G58: PASALIC
B59: RABIOT | C59: 6 | D59: 6 | E59: 6 | F59: 6 | G59: EKKELENKAMP
B60: ZALEWSKI | C60: 6 | D60: 6 | E60: 9.5 | F60: 6.5 | G60: BELGHALI
B61: VLASIC | C61: 6 | D61: 7 | E61: 10 | F61: 7 | G61: LEAO
B62: FERGUSON E. | C62: 5.5 | D62: 5.5 | E62: 6 | F62: 6 | G62: SCAMACCA
B63: KEAN | C63: 5.5 | D63: 5.5 | E63: 9.5 | F63: 6.5 | G63: ADAMS C.
B66: Atletico Viperetta | D66: 0 | E66: 0 | G66: Chicago Hasbulls
D67: 63.5 | E67: 64.5
B69: MAIGNAN | C69: 7 | D69: 7 | E69: 4.5 | F69: 6.5 | G69: DE GEA
B70: IDZES | C70: 5 | D70: 5 | E70: 5.5 | F70: 5.5 | G70: MIRANDA J.
B71: OSTIGARD | C71: 5.5 | D71: 5.5 | E71: 7 | F71: 7 | G71: RRAHMANI
B72: BEUKEMA | C72: 6 | D72: 5.5 | E72: 5.5 | F72: 6 | G72: BEUKEMA
B73: TOURÈ I. | C73: 6 | D73: 6 | E73: 6 | F73: 6 | G73: HOLM
B74: ATTA | C74: 6 | D74: 5.5 | E74: 5 | F74: 5 | G74: KONÈ M.
B75: MCTOMINAY | C75: 6.5 | D75: 6.5 | E75: 6.5 | F75: 6.5 | G75: CALHANOGLU
B76: ASLLANI* | C76: 4.5 | D76: 0.5 | E76: 8 | F76: 7 | G76: DE KETELAERE
B77: LANG | C77: 6 | D77: 6 | E77: 6 | F77: 6 | G77: MALINOVSKYI
B78: LOOKMAN | C78: 7 | D78: 10 | E78: 5 | F78: 5 | G78: ODGAARD
B79: DYBALA | C79: 6 | D79: 6 | E79: 5.5 | F79: 5.5 | G79: CASTRO S.
B82: AvelLino Banfi | D82: 3 | E82: 2 | G82: F.C. Chiappe d ORO
D83: 75.5 | E83: 73
B85: CARNESECCHI | C85: 7 | D85: 7 | E85: 5.5 | F85: 6.5 | G85: SVILAR
B86: DELPRATO | C86: 5.5 | D86: 5.5 | E86: 6.5 | F86: 6.5 | G86: MARTIN
B87: CARACCIOLO A. | C87: 5.5 | D87: 5 | E87: 6.5 | F87: 6.5 | G87: SOLET
B88: MARTIN* | C88: 6.5 | D88: 5.5 | E88: 6 | F88: 6.5 | G88: GABBIA
B89: NERES | C89: 7 | D89: 10 | E89: 6 | F89: 6 | G89: VOJVODA
B90: THURAM K. | C90: 6.5 | D90: 6.5 | E90: 6 | F90: 6 | G90: EL AYNAOUI
B91: LOFTUS-CHEEK | C91: 6 | D91: 6 | E91: 6 | F91: 6 | G91: EDERSON D.S.
B92: COULIBALY L. | C92: 7 | D92: 9.5 | E92: 13.5 | F92: 7.5 | G92: YILDIZ
B93: ZANIOLO* | C93: 7 | D93: 9 | E93: 5 | F93: 5 | G93: ODGAARD
B94: GIOVANE | C94: 6 | D94: 6 | E94: 6 | F94: 6 | G94: ISAKSEN
B95: THURAM | C95: 5.5 | D95: 5.5 | E95: 6 | F95: 6 | G95: VLAHOVIC
B98: Berlusca Dortmund | D98: 0 | E98: 3 | G98: Vojvodka liscia
D99: 65.5 | E99: 76
B101: PROVEDEL | C101: 6 | D101: 5 | E101: 7 | F101: 7 | G101: MAIGNAN
B102: TIAGO GABRIEL | C102: 6 | D102: 6 | E102: 6 | F102: 6 | G102: CELIK
B103: PAVLOVIC | C103: 6 | D103: 6 | E103: 6.5 | F103: 6.5 | G103: SOLET
B104: IDZES | C104: 5 | D104: 5 | E104: 6.5 | F104: 6.5 | G104: BUONGIORNO
B105: WESLEY | C105: 5.5 | D105: 5.5 | E105: 6 | F105: 6 | G105: LAZARO
B106: FAGIOLI | C106: 5.5 | D106: 5.5 | E106: 6 | F106: 6 | G106: RABIOT
B107: CRISTANTE | C107: 5 | D107: 4.5 | E107: 6.5 | F107: 6.5 | G107: DE ROON
B108: ZACCAGNI | C108: 6 | D108: 5.5 | E108: 5.5 | F108: 5.5 | G108: SUCIC P.
B109: LOOKMAN | C109: 7 | D109: 10 | E109: 6.5 | F109: 6.5 | G109: CONCEICAO
B110: VLASIC | C110: 6 | D110: 7 | E110: 6 | F110: 6 | G110: PELLEGRINO M.
B111: FERGUSON E. | C111: 5.5 | D111: 5.5 | E111: 13.5 | F111: 7.5 | G111: MARTINEZ L.
B114: Equitalia SpA | D114: 3 | E114: 0 | G114: Fusbana
D115: 76 | E115: 64
B117: SOMMER | C117: 6 | D117: 6 | E117: 4.5 | F117: 6.5 | G117: DE GEA
B118: MIRANDA J. | C118: 5.5 | D118: 5.5 | E118: 6.5 | F118: 6.5 | G118: SOLET
B119: COCO | C119: 6 | D119: 5.5 | E119: 6 | F119: 6 | G119: TIAGO GABRIEL
B120: LUCUMÌ | C120: 5 | D120: 5 | E120: 5 | F120: 6 | G120: LAZARO*
B121: WALUKIEWICZ | C121: 6 | D121: 6 | E121: 6.5 | F121: 6.5 | G121: SAELEMAEKERS
B122: MODRIC | C122: 6 | D122: 6 | E122: 6.5 | F122: 6.5 | G122: CALHANOGLU
...

Sheet Giornata 8
A1: Giornata 8
B2: Ahh poesse | D2: 2 | E2: 2 | G2: AC Nostalgici 1922
D3: 73.5 | E3: 72
B5: DE GEA | C5: 4.5 | D5: 1.5 | E5: 5 | F5: 6 | G5: LEALI
B6: VALERI | C6: 6 | D6: 5.5 | E6: 6.5 | F6: 6.5 | G6: VASQUEZ
B7: CARACCIOLO A. | C7: 5.5 | D7: 5.5 | E7: 6.5 | F7: 6.5 | G7: IDZES
B8: BASCHIROTTO | C8: 7 | D8: 7 | E8: 5.5 | F8: 6 | G8: AKANJI
B9: NORTON-CUFFY | C9: 7 | D9: 10 | E9: 6 | F9: 6 | G9: MARUSIC
B10: BERNABÈ | C10: 6 | D10: 6 | E10: 8.5 | F10: 6 | G10: MANDRAGORA
B11: MCKENNIE | C11: 5.5 | D11: 6.5 | E11: 5 | F11: 5 | G11: DA CUNHA
B12: YILDIZ | C12: 7 | D12: 10 | E12: 6 | F12: 6 | G12: ZANOLI
B13: PAZ N. | C13: 5.5 | D13: 5.5 | E13: 11 | F13: 7 | G13: VLASIC
B14: ZACCAGNI | C14: 6.5 | D14: 6.5 | E14: 6 | F14: 6 | G14: DAVIS K.
B15: ZAPATA D. | C15: 6.5 | D15: 9.5 | E15: 6 | F15: 6 | G15: ORSOLINI
B18: As LucaGorets | D18: 0 | E18: 0 | G18: Pepinho City
D19: 63.5 | E19: 61.5
B21: AUDERO | C21: 6 | D21: 6 | E21: 6 | F21: 7 | G21: SVILAR
B22: DJIMSITI | C22: 5 | D22: 5 | E22: 5.5 | F22: 5.5 | G22: RENSCH
B23: GILA | C23: 5 | D23: 4 | E23: 5 | F23: 5 | G23: HIEN
B24: AKANJI | C24: 6 | D24: 5.5 | E24: 5.5 | F24: 5.5 | G24: GASPAR K.
B25: BARBIERI | C25: 6.5 | D25: 6.5 | E25: 4.5 | F25: 5 | G25: TAVARES N.
B26: BERNABÈ | C26: 6 | D26: 6 | E26: 6.5 | F26: 6.5 | G26: MCTOMINAY
B27: KONÈ M. | C27: 6 | D27: 6 | E27: 5.5 | F27: 6 | G27: TOURÈ I.
B28: RODRIGUEZ JE. | C28: 6 | D28: 6 | E28: 6 | F28: 6.5 | G28: THORSTVEDT
B29: LAURIENTÈ | C29: 6.5 | D29: 7.5 | E29: 6 | F29: 6 | G29: RODRIGUEZ JE.
B30: GUDMUNDSSON A. | C30: 5 | D30: 5 | E30: 5 | F30: 5 | G30: KEAN
B31: VARDY | C31: 6 | D31: 6 | E31: 6 | F31: 6 | G31: ESPOSITO F.P.
B34: AvelLino Banfi | D34: 3 | E34: 4 | G34: Fusbana
D35: 74 | E35: 78
B37: CARNESECCHI | C37: 6 | D37: 3 | E37: 6 | F37: 6 | G37: AUDERO
B38: DELPRATO | C38: 6.5 | D38: 6.5 | E38: 5.5 | F38: 6 | G38: VALERI
B39: CARACCIOLO A. | C39: 5.5 | D39: 5.5 | E39: 5.5 | F39: 5.5 | G39: TIAGO GABRIEL
B40: CALABRESI | C40: 6 | D40: 6 | E40: 5.5 | F40: 5.5 | G40: SOLET
B41: MARTIN* | C41: 6 | D41: 5 | E41: 6.5 | F41: 6.5 | G41: TERRACCIANO F.
B42: LOFTUS-CHEEK | C42: 6 | D42: 6 | E42: 7.5 | F42: 6.5 | G42: SAELEMAEKERS
B43: THURAM K. | C43: 6 | D43: 6 | E43: 6 | F43: 6 | G43: BERNABÈ
B44: NERES | C44: 7.5 | D44: 8.5 | E44: 10 | F44: 7 | G44: CALHANOGLU
B45: GIOVANE | C45: 7.5 | D45: 11.5 | E45: 6 | F45: 6 | G45: RODRIGUEZ JE.
B46: ZANIOLO | C46: 6 | D46: 6 | E46: 5.5 | F46: 5.5 | G46: PINAMONTI
B47: THURAM | C47: 7 | D47: 10 | E47: 14 | F47: 8 | G47: PULISIC
B50: Bayern Muten | D50: 2 | E50: 0 | G50: Atletico Viperetta
D51: 71 | E51: 64.5
B53: SOMMER | C53: 6 | D53: 6 | E53: 3.5 | F53: 6 | G53: MAIGNAN
B54: BASCHIROTTO | C54: 7 | D54: 7 | E54: 6 | F54: 6.5 | G54: BIANCHETTI
B55: DJIMSITI | C55: 5 | D55: 5 | E55: 6.5 | F55: 6.5 | G55: IDZES
B56: BASTONI | C56: 6.5 | D56: 6.5 | E56: 5.5 | F56: 6 | G56: BEUKEMA
B57: DIMARCO | C57: 7 | D57: 9 | E57: 5.5 | F57: 6 | G57: TOURÈ I.
B58: CRISTANTE | C58: 5.5 | D58: 5.5 | E58: 5 | F58: 5 | G58: KOOPMEINERS
B59: BERNABÈ | C59: 6 | D59: 6 | E59: 6.5 | F59: 6.5 | G59: MCTOMINAY
B60: BELLANOVA | C60: 5.5 | D60: 5.5 | E60: 10 | F60: 7 | G60: CARLOS AUGUSTO
B61: LOOKMAN | C61: 5 | D61: 5 | E61: 5.5 | F61: 5.5 | G61: DYBALA
B62: CASTELLANOS | C62: 5.5 | D62: 5.5 | E62: 5.5 | F62: 5.5 | G62: NKUNKU
B63: YILDIZ | C63: 7 | D63: 10 | E63: 5 | F63: 5 | G63: LOOKMAN
B66: Berlusca Dortmund | D66: 1 | E66: 0 | G66: Real ZeLo
D67: 66 | E67: 60
B69: PROVEDEL | C69: 6.5 | D69: 5.5 | E69: 4.5 | F69: 6.5 | G69: DI GREGORIO
B70: COMUZZO | C70: 5.5 | D70: 5.5 | E70: 5 | F70: 5.5 | G70: HERMOSO
B71: PAVLOVIC | C71: 5.5 | D71: 5.5 | E71: 5.5 | F71: 5.5 | G71: GASPAR K.
B72: TIAGO GABRIEL | C72: 5.5 | D72: 5.5 | E72: 4 | F72: 5 | G72: GILA
B73: DODÒ | C73: 5 | D73: 5 | E73: 5.5 | F73: 5.5 | G73: BELLANOVA
B74: FAGIOLI | C74: 5.5 | D74: 5.5 | E74: 5.5 | F74: 5.5 | G74: SOHM
B75: CRISTANTE | C75: 5.5 | D75: 5.5 | E75: 4.5 | F75: 5 | G75: DE ROON
B76: ZACCAGNI | C76: 6.5 | D76: 6.5 | E76: 8.5 | F76: 7.5 | G76: NERES
B77: LOOKMAN | C77: 5 | D77: 5 | E77: 6.5 | F77: 6.5 | G77: ZACCAGNI
B78: VLASIC | C78: 7 | D78: 11 | E78: 5.5 | F78: 5.5 | G78: PAZ N.
B79: FERGUSON E. | C79: 5.5 | D79: 5.5 | E79: 5 | F79: 5 | G79: KRSTOVIC
B82: Chicago Hasbulls | D82: 2 | E82: 2 | G82: FC Polidem
D83: 72 | E83: 72
B85: DE GEA | C85: 4.5 | D85: 1.5 | E85: 6 | F85: 6 | G85: SOMMER
B86: MIRANDA J. | C86: 6 | D86: 5.5 | E86: 5.5 | F86: 5.5 | G86: KOLASINAC
B87: RRAHMANI | C87: 6.5 | D87: 6.5 | E87: 6 | F87: 6 | G87: WALUKIEWICZ
B88: BEUKEMA | C88: 6 | D88: 5.5 | E88: 5 | F88: 5 | G88: HIEN
B89: TERRACCIANO F. | C89: 6.5 | D89: 6.5 | E89: 7.5 | F89: 6.5 | G89: ZERBIN
B90: KONÈ M. | C90: 6 | D90: 6 | E90: 5 | F90: 5 | G90: DA CUNHA
B91: CALHANOGLU | C91: 7 | D91: 10 | E91: 10 | F91: 7 | G91: CALHANOGLU
B92: DE KETELAERE | C92: 5.5 | D92: 5.5 | E92: 5.5 | F92: 5.5 | G92: BELLANOVA
B93: MALINOVSKYI | C93: 7 | D93: 10 | E93: 6 | F93: 6 | G93: ZANIOLO
B94: ODGAARD | C94: 6.5 | D94: 9.5 | E94: 10 | F94: 7 | G94: THURAM
B95: CASTRO S. | C95: 5.5 | D95: 5.5 | E95: 5.5 | F95: 5.5 | G95: PINAMONTI
B98: F.C. Chiappe d ORO | D98: 3 | E98: 0 | G98: salumificio cardinali
D99: 76 | E99: 64.5
B101: SVILAR | C101: 7 | D101: 6 | E101: 5.5 | F101: 6.5 | G101: PROVEDEL
B102: MARTIN | C102: 6 | D102: 6 | E102: 6.5 | F102: 6.5 | G102: VASQUEZ
B103: SOLET | C103: 5.5 | D103: 5.5 | E103: 5.5 | F103: 5.5 | G103: GASPAR K.
B104: BASCHIROTTO | C104: 7 | D104: 7 | E104: 5.5 | F104: 5.5 | G104: SOLET
B105: DI LORENZO | C105: 6 | D105: 6 | E105: 6.5 | F105: 6.5 | G105: TERRACCIANO F.
B106: EL AYNAOUI | C106: 5.5 | D106: 5.5 | E106: 7 | F106: 7 | G106: BARELLA
B107: EDERSON D.S. | C107: 5.5 | D107: 5.5 | E107: 5.5 | F107: 5.5 | G107: CRISTANTE
B108: YILDIZ | C108: 7 | D108: 10 | E108: 6 | F108: 6 | G108: PASALIC
B109: ODGAARD | C109: 6.5 | D109: 9.5 | E109: 6 | F109: 6 | G109: ZANIOLO
B110: ISAKSEN | C110: 7 | D110: 10 | E110: 5.5 | F110: 5.5 | G110: CASTRO S.
B111: KRSTOVIC | C111: 5 | D111: 5 | E111: 5 | F111: 5 | G111: KRSTOVIC
B114: FC Demepoli | D114: 2 | E114: 2 | G114: FC LONGOBARDA
D115: 72.5 | E115: 73.5
B117: SVILAR | C117: 7 | D117: 6 | E117: 4 | F117: 6 | G117: FALCONE
B118: ANGORI | C118: 6 | D118: 6 | E118: 10 | F118: 7 | G118: CARLOS AUGUSTO
B119: AKANJI | C119: 6 | D119: 5.5 | E119: 5.5 | F119: 5.5 | G119: PAVLOVIC
B120: GILA | C120: 5 | D120: 4 | E120: 5.5 | F120: 5.5 | G120: TOMORI
B121: DELPRATO | C121: 6.5 | D121: 6.5 | E121: 5.5 | F121: 5.5 | G121: ZALEWSKI
B122: THORSTVEDT | C122: 6.5 | D122: 6 | E122: 7 | F122: 7 | G122: BARELLA
...

Sheet Giornata 9
A1: Giornata 9
B2: Ahh poesse | D2: 2 | E2: 0 | G2: Equitalia SpA
D3: 72.5 | E3: 62.5
B5: DE GEA | C5: 6 | D5: 5 | E5: 6 | F5: 6 | G5: SOMMER
B6: VALERI | C6: 6 | D6: 6 | E6: 6 | F6: 6 | G6: MIRANDA J.
B7: CIRCATI | C7: 6.5 | D7: 6 | E7: 5 | F7: 5 | G7: LUCUMÌ
B8: BASCHIROTTO | C8: 5 | D8: 5 | E8: 5 | F8: 5 | G8: ISMAJLI
B9: MARUSIC | C9: 6 | D9: 6 | E9: 5.5 | F9: 5.5 | G9: WALUKIEWICZ
B10: MCKENNIE | C10: 6.5 | D10: 6.5 | E10: 7 | F10: 7 | G10: MODRIC
B11: LOCATELLI | C11: 6.5 | D11: 6 | E11: 6.5 | F11: 6.5 | G11: CALHANOGLU
B12: YILDIZ | C12: 6.5 | D12: 9.5 | E12: 6 | F12: 6 | G12: NGONGE
B13: PAZ N. | C13: 7.5 | D13: 11.5 | E13: 5 | F13: 5.5 | G13: TRAMONI M.
B14: ZACCAGNI | C14: 5.5 | D14: 5.5 | E14: 5.5 | F14: 5.5 | G14: ORSOLINI
B15: SIMEONE | C15: 5.5 | D15: 5.5 | E15: 5 | F15: 5 | G15: OPENDA
B18: As LucaGorets | D18: 1 | E18: 2 | G18: Bayern Muten
D19: 69 | E19: 70.5
B21: DE GEA | C21: 6 | D21: 5 | E21: 6 | F21: 6 | G21: SOMMER
B22: GILA | C22: 5.5 | D22: 5.5 | E22: 5 | F22: 5 | G22: BASCHIROTTO
B23: LUCUMÌ | C23: 5 | D23: 5 | E23: 5.5 | F23: 6 | G23: PONGRACIC
B24: AKANJI | C24: 7 | D24: 7 | E24: 5.5 | F24: 6 | G24: BASTONI
B25: MIRANDA J. | C25: 6 | D25: 6 | E25: 6.5 | F25: 6.5 | G25: DIMARCO
B26: BERNABÈ | C26: 6.5 | D26: 6.5 | E26: 6.5 | F26: 6.5 | G26: CRISTANTE
B27: KONÈ M. | C27: 7.5 | D27: 10.5 | E27: 6.5 | F27: 6.5 | G27: BERNABÈ
B28: RODRIGUEZ JE. | C28: 6.5 | D28: 6.5 | E28: 7.5 | F28: 6.5 | G28: ZORTEA
B29: ESPOSITO SE. | C29: 5.5 | D29: 5.5 | E29: 6 | F29: 6 | G29: EL SHAARAWY
B30: GUDMUNDSSON A. | C30: 6 | D30: 6 | E30: 6 | F30: 6 | G30: CASTELLANOS
B31: SIMEONE | C31: 5.5 | D31: 5.5 | E31: 9.5 | F31: 6.5 | G31: YILDIZ
B34: AteGamE | D34: 2 | E34: 3 | G34: ReaL Fantonio
D35: 70 | E35: 75
B37: SEMPER | C37: 6 | D37: 4 | E37: 6 | F37: 6 | G37: MAIGNAN
B38: PAVLOVIC | C38: 6.5 | D38: 6.5 | E38: 6 | F38: 6 | G38: CARLOS AUGUSTO
B39: MANCINI | C39: 6.5 | D39: 6.5 | E39: 5 | F39: 5 | G39: OSTIGARD
B40: TOMORI | C40: 6.5 | D40: 6.5 | E40: 6.5 | F40: 6.5 | G40: HERMOSO
B41: ZAPPACOSTA | C41: 5.5 | D41: 5.5 | E41: 5.5 | F41: 5.5 | G41: TERRACCIANO F.
B42: MALINOVSKYI | C42: 5 | D42: 5 | E42: 6 | F42: 6 | G42: KONÈ I.
B43: RABIOT | C43: 7 | D43: 8 | E43: 6.5 | F43: 6.5 | G43: LOBOTKA
B44: SPINAZZOLA | C44: 7 | D44: 7 | E44: 6 | F44: 6.5 | G44: PERRONE
B45: SAMARDZIC | C45: 5 | D45: 5 | E45: 11.5 | F45: 7.5 | G45: PAZ N.
B46: FERGUSON E. | C46: 7 | D46: 11 | E46: 6 | F46: 6 | G46: DAVID
B47: KEAN | C47: 5 | D47: 5 | E47: 10 | F47: 7 | G47: DOUVIKAS
B50: Atletico Viperetta | D50: 2 | E50: 2 | G50: Berlusca Dortmund
D51: 73.5 | E51: 73.5
B53: MAIGNAN | C53: 6 | D53: 6 | E53: 5 | F53: 6 | G53: PROVEDEL
B54: CARLOS AUGUSTO | C54: 6 | D54: 6 | E54: 6.5 | F54: 6.5 | G54: PAVLOVIC
B55: BISSECK | C55: 6.5 | D55: 6.5 | E55: 5.5 | F55: 5.5 | G55: TIAGO GABRIEL
B56: IDZES | C56: 6.5 | D56: 6.5 | E56: 6 | F56: 6 | G56: COMUZZO
B57: GOSENS | C57: 6 | D57: 6 | E57: 6 | F57: 6 | G57: WESLEY
B58: ASLLANI | C58: 5.5 | D58: 5.5 | E58: 6 | F58: 6 | G58: FAGIOLI
B59: MCTOMINAY | C59: 6.5 | D59: 6 | E59: 6.5 | F59: 6.5 | G59: CRISTANTE
B60: TOURÈ I. | C60: 5.5 | D60: 5.5 | E60: 6 | F60: 6.5 | G60: CANCELLIERI
B61: DYBALA | C61: 6.5 | D61: 6.5 | E61: 5.5 | F61: 5.5 | G61: ZACCAGNI
B62: NKUNKU | C62: 7.5 | D62: 13.5 | E62: 9.5 | F62: 7 | G62: VLASIC
B63: ESPOSITO SE. | C63: 5.5 | D63: 5.5 | E63: 11 | F63: 7 | G63: FERGUSON E.
B66: Chicago Hasbulls | D66: 2 | E66: 2 | G66: Horto Muso Zorteam
D67: 70 | E67: 71
B69: CAPRILE | C69: 6.5 | D69: 5.5 | E69: 6 | F69: 6 | G69: MILINKOVIC-SAVIC V.
B70: RRAHMANI | C70: 6 | D70: 6 | E70: 6 | F70: 6 | G70: BUONGIORNO
B71: BREMER | C71: 6 | D71: 6 | E71: 5.5 | F71: 6 | G71: PONGRACIC
B72: ISMAJLI | C72: 5 | D72: 5 | E72: 6.5 | F72: 6.5 | G72: LUPERTO
B73: MIRANDA J. | C73: 6 | D73: 6 | E73: 6.5 | F73: 6.5 | G73: ZORTEA*
B74: KONÈ M. | C74: 7.5 | D74: 10.5 | E74: 10.5 | F74: 7.5 | G74: KONÈ M.
B75: CALHANOGLU | C75: 6.5 | D75: 6.5 | E75: 6.5 | F75: 6.5 | G75: EDERSON D.S.
B76: VOJVODA | C76: 7 | D76: 8 | E76: 6.5 | F76: 6.5 | G76: DIMARCO
B77: MALINOVSKYI | C77: 5 | D77: 5 | E77: 5.5 | F77: 5.5 | G77: ZERBIN
B78: DE KETELAERE | C78: 6 | D78: 6 | E78: 5.5 | F78: 5.5 | G78: SCAMACCA
B79: CASTRO S. | C79: 5.5 | D79: 5.5 | E79: 6 | F79: 6 | G79: DAVID
B82: FC Arrisse | D82: 1 | E82: 0 | G82: FC Polidem
D83: 68.5 | E83: 65
B85: RAVAGLIA F. | C85: 5.5 | D85: 4 | E85: 6 | F85: 6 | G85: SOMMER
B86: UNAI NUNEZ | C86: 5.5 | D86: 5.5 | E86: 6 | F86: 6 | G86: ZAPPA
B87: RRAHMANI | C87: 6 | D87: 6 | E87: 6 | F87: 6 | G87: BREMER
B88: BISSECK | C88: 6.5 | D88: 6.5 | E88: 5.5 | F88: 5.5 | G88: WALUKIEWICZ
B89: GOSENS | C89: 6 | D89: 6 | E89: 6.5 | F89: 7 | G89: KOLASINAC
B90: MODRIC | C90: 7 | D90: 7 | E90: 6.5 | F90: 6.5 | G90: DA CUNHA
B91: DE ROON | C91: 6 | D91: 6 | E91: 6.5 | F91: 6.5 | G91: CALHANOGLU
B92: DIMARCO | C92: 6.5 | D92: 6.5 | E92: 5.5 | F92: 5.5 | G92: LAZARO
B93: MCTOMINAY | C93: 6.5 | D93: 6 | E93: 6 | F93: 6.5 | G93: ZANIOLO
B94: MALINOVSKYI | C94: 5 | D94: 5 | E94: 5.5 | F94: 5.5 | G94: THURAM
B95: MARTINEZ L. | C95: 7 | D95: 10 | E95: 5 | F95: 5 | G95: OPENDA
B98: FC Demepoli | D98: 3 | E98: 2 | G98: TheStars94
D99: 76 | E99: 71.5
B101: SVILAR | C101: 6 | D101: 5 | E101: 5.5 | F101: 6.5 | G101: CARNESECCHI
B102: RAMON | C102: 7 | D102: 10 | E102: 6 | F102: 6 | G102: CANESTRELLI
B103: GILA | C103: 5.5 | D103: 5.5 | E103: 5.5 | F103: 6 | G103: BASTONI
B104: AKANJI | C104: 7 | D104: 7 | E104: 10 | F104: 7 | G104: RAMON
B105: DOIG | C105: 6 | D105: 6 | E105: 7.5 | F105: 6.5 | G105: ZORTEA
B106: THORSTVEDT | C106: 5.5 | D106: 5.5 | E106: 5 | F106: 6 | G106: CAMBIASO*
B107: PERRONE | C107: 6.5 | D107: 6 | E107: 5 | F107: 6 | G107: VITIK*
B108: ANGORI | C108: 6 | D108: 5.5 | E108: 5.5 | F108: 5.5 | G108: ZAPPACOSTA
B109: PULISIC | C109: 7 | D109: 10 | E109: 5.5 | F109: 5.5 | G109: PASALIC
B110: MARTINEZ L. | C110: 7 | D110: 10 | E110: 10.5 | F110: 7.5 | G110: SOULÈ
B111: IMMOBILE | C111: 5.5 | D111: 5.5 | E111: 5.5 | F111: 5.5 | G111: IMMOBILE
B114: FC Arrisse Junior | D114: 1 | E114: 1 | G114: Pepinho City
D115: 69 | E115: 67
B117: PROVEDEL | C117: 6 | D117: 5 | E117: 5 | F117: 6 | G117: SVILAR
B118: JUAN JESUS* | C118: 6 | D118: 4.5 | E118: 10 | F118: 7 | G118: MUHAREMOVIC
B119: MARIPAN | C119: 5.5 | D119: 5.5 | E119: 6.5 | F119: 6.5 | G119: BISSECK
B120: BUONGIORNO | C120: 6 | D120: 6 | E120: 5.5 | F120: 5.5 | G120: MARIPAN
B121: CAMBIASO | C121: 6 | D121: 6 | E121: 6 | F121: 6 | G121: GOSENS
B122: DA CUNHA | C122: 6.5 | D122: 6.5 | E122: 6 | F122: 6.5 | G122: MCTOMINAY
...

Sheet Giornata 10
A1: Giornata 10
B2: AC Nostalgici 1922 | D2: 0 | E2: 0 | G2: FantAllegri
D3: 62 | E3: 64.5
B5: BUTEZ | C5: 6 | D5: 6 | E5: 5 | F5: 6 | G5: DI GREGORIO
B6: VASQUEZ | C6: 5.5 | D6: 5.5 | E6: 6.5 | F6: 6.5 | G6: JUAN JESUS
B7: ROMAGNOLI | C7: 6 | D7: 5.5 | E7: 6 | F7: 6 | G7: TOMORI
B8: AKANJI | C8: 6.5 | D8: 6.5 | E8: 6 | F8: 6 | G8: PONGRACIC
B9: MARUSIC | C9: 4 | D9: 3 | E9: 3 | F9: 4 | G9: MARUSIC
B10: MANDRAGORA | C10: 6 | D10: 6 | E10: 7.5 | F10: 6.5 | G10: RABIOT
B11: PRATI | C11: 5.5 | D11: 5.5 | E11: 6 | F11: 6 | G11: MANDRAGORA
B12: ZANOLI | C12: 6 | D12: 6 | E12: 6 | F12: 6 | G12: SUCIC P.
B13: VLASIC | C13: 6.5 | D13: 6.5 | E13: 6 | F13: 6 | G13: MKHITARYAN
B14: DAVIS K. | C14: 5.5 | D14: 5.5 | E14: 6 | F14: 6 | G14: HOJLUND
B15: ORSOLINI | C15: 6 | D15: 6 | E15: 6.5 | F15: 6.5 | G15: NERES
B18: AvelLino Banfi | D18: 1 | E18: 2 | G18: FC Polidem
D19: 69 | E19: 73.5
B21: CARNESECCHI | C21: 6.5 | D21: 6.5 | E21: 5 | F21: 6 | G21: SOMMER
B22: DELPRATO | C22: 6 | D22: 6 | E22: 6 | F22: 6 | G22: KOLASINAC
B23: CALABRESI | C23: 5.5 | D23: 5 | E23: 7 | F23: 6.5 | G23: WALUKIEWICZ
B24: CARACCIOLO A. | C24: 6 | D24: 6 | E24: 5.5 | F24: 5.5 | G24: BREMER
B25: MARTIN* | C25: 6 | D25: 5 | E25: 5.5 | F25: 5.5 | G25: ESTUPINAN
B26: LOFTUS-CHEEK | C26: 6 | D26: 6 | E26: 10 | F26: 7 | G26: DA CUNHA
B27: THURAM K. | C27: 6 | D27: 6 | E27: 7 | F27: 6.5 | G27: CALHANOGLU
B28: NERES | C28: 6.5 | D28: 6.5 | E28: 6.5 | F28: 6.5 | G28: LAZARO
B29: GIOVANE | C29: 6 | D29: 6 | E29: 6 | F29: 6 | G29: ZANIOLO
B30: ZANIOLO | C30: 6 | D30: 6 | E30: 10 | F30: 7 | G30: THURAM
B31: THURAM | C31: 7 | D31: 10 | E31: 5 | F31: 5 | G31: OPENDA
B34: Bayern Muten | D34: 1 | E34: 0 | G34: Hillboyss
D35: 67 | E35: 65.5
B37: SOMMER | C37: 6 | D37: 5 | E37: 6 | F37: 6 | G37: MILINKOVIC-SAVIC V.
B38: BASCHIROTTO | C38: 6 | D38: 6 | E38: 6 | F38: 6 | G38: KOLASINAC
B39: DJIMSITI | C39: 7 | D39: 7 | E39: 6 | F39: 6 | G39: KELLY L.
B40: BASTONI | C40: 6 | D40: 5.5 | E40: 6.5 | F40: 6.5 | G40: DE WINTER
B41: DIMARCO | C41: 6.5 | D41: 7.5 | E41: 5.5 | F41: 6 | G41: PALESTRA
B42: CRISTANTE | C42: 5.5 | D42: 5.5 | E42: 7 | F42: 7 | G42: MODRIC
B43: BERNABÈ | C43: 6.5 | D43: 6.5 | E43: 6 | F43: 6 | G43: THURAM K.
B44: ZORTEA | C44: 5.5 | D44: 5.5 | E44: 5.5 | F44: 5.5 | G44: CONCEICAO
B45: EL SHAARAWY | C45: 5.5 | D45: 5.5 | E45: 5.5 | F45: 5.5 | G45: SOULÈ
B46: NZOLA | C46: 6 | D46: 6 | E46: 6 | F46: 6 | G46: GUDMUNDSSON A.
B47: YILDIZ | C47: 7 | D47: 7 | E47: 5.5 | F47: 5.5 | G47: VARDY
B50: Berlusca Dortmund | D50: 1 | E50: 1 | G50: PETRUS
D51: 66 | E51: 67.5
B53: PROVEDEL | C53: 6 | D53: 4 | E53: 5 | F53: 6 | G53: DI GREGORIO
B54: SCALVINI | C54: 7 | D54: 10 | E54: 5.5 | F54: 5.5 | G54: LUPERTO
B55: IDZES | C55: 5.5 | D55: 5.5 | E55: 5.5 | F55: 6 | G55: CIRCATI
B56: KEMPF | C56: 6 | D56: 6 | E56: 6.5 | F56: 6.5 | G56: OSTIGARD
B57: WESLEY | C57: 6 | D57: 6 | E57: 6 | F57: 6 | G57: TSIMIKAS
B58: FAGIOLI | C58: 6.5 | D58: 6.5 | E58: 5.5 | F58: 5.5 | G58: SORENSEN O.
B59: CRISTANTE | C59: 5.5 | D59: 5.5 | E59: 5.5 | F59: 5.5 | G59: EKKELENKAMP
B60: ZACCAGNI | C60: 5.5 | D60: 5 | E60: 6 | F60: 6 | G60: WESLEY
B61: ADAMS C. | C61: 6 | D61: 6 | E61: 6 | F61: 6 | G61: ADAMS C.
B62: VLASIC | C62: 6.5 | D62: 6.5 | E62: 6 | F62: 6 | G62: SCAMACCA
B63: FERGUSON E. | C63: 5 | D63: 5 | E63: 10 | F63: 7 | G63: LEAO
B66: CamerierCarlo | D66: 0 | E66: 2 | G66: As LucaGorets
D67: 64.5 | E67: 70.5
B69: CARNESECCHI | C69: 6.5 | D69: 6.5 | E69: 6.5 | F69: 6.5 | G69: DE GEA
B70: ESTUPINAN | C70: 5.5 | D70: 5.5 | E70: 5.5 | F70: 5.5 | G70: GILA
B71: ROMAGNOLI | C71: 6 | D71: 5.5 | E71: 6 | F71: 6 | G71: MUHAREMOVIC
B72: KALULU | C72: 5.5 | D72: 5.5 | E72: 6.5 | F72: 6.5 | G72: AKANJI
B73: VOJVODA | C73: 6 | D73: 6 | E73: 6 | F73: 6 | G73: BARBIERI
B74: SAELEMAEKERS | C74: 6 | D74: 5.5 | E74: 6.5 | F74: 6.5 | G74: BERNABÈ
B75: FAGIOLI | C75: 6.5 | D75: 6.5 | E75: 5.5 | F75: 5.5 | G75: KONÈ M.
B76: FOFANA Y. | C76: 6 | D76: 6 | E76: 6 | F76: 6.5 | G76: RODRIGUEZ JE.
B77: WESLEY | C77: 6 | D77: 6 | E77: 6 | F77: 6 | G77: LAURIENTÈ
B78: ISAKSEN | C78: 5.5 | D78: 5.5 | E78: 6 | F78: 6 | G78: GUDMUNDSSON A.
B79: HOJLUND | C79: 6 | D79: 6 | E79: 10 | F79: 7 | G79: SIMEONE
B82: F.C. Chiappe d ORO | D82: 0 | E82: 0 | G82: Atletico Viperetta
D83: 64 | E83: 65.5
B85: SVILAR | C85: 5 | D85: 4 | E85: 6 | F85: 6 | G85: MAIGNAN
B86: MARTIN | C86: 6 | D86: 6 | E86: 6 | F86: 6 | G86: KEMPF
B87: SOLET | C87: 6 | D87: 6 | E87: 6.5 | F87: 6.5 | G87: OSTIGARD
B88: BASCHIROTTO | C88: 6 | D88: 6 | E88: 6 | F88: 6 | G88: BISSECK
B89: VOJVODA | C89: 6 | D89: 6 | E89: 6 | F89: 6 | G89: GOSENS
B90: EDERSON D.S. | C90: 6 | D90: 6 | E90: 5.5 | F90: 5.5 | G90: KOOPMEINERS
B91: VALERI | C91: 6 | D91: 6 | E91: 6.5 | F91: 6.5 | G91: MCTOMINAY
B92: ORISTANIO | C92: 6 | D92: 6 | E92: 6 | F92: 6 | G92: TOURÈ I.
B93: ODGAARD | C93: 5.5 | D93: 5.5 | E93: 6 | F93: 6 | G93: ESPOSITO SE.
B94: ISAKSEN | C94: 5.5 | D94: 5.5 | E94: 6 | F94: 6 | G94: ESPOSITO F.P.
B95: YILDIZ | C95: 7 | D95: 7 | E95: 5 | F95: 5 | G95: DYBALA
B98: FC Arrisse | D98: 3 | E98: 2 | G98: AteGamE
D99: 75.5 | E99: 73.5
B101: RAVAGLIA F. | C101: 7 | D101: 4 | E101: 5.5 | F101: 6.5 | G101: SEMPER
B102: RRAHMANI | C102: 7.5 | D102: 10 | E102: 5.5 | F102: 6 | G102: MANCINI
B103: RANIERI L. | C103: 5.5 | D103: 5.5 | E103: 5 | F103: 5.5 | G103: HERMOSO
B104: BISSECK | C104: 6 | D104: 6 | E104: 6 | F104: 6 | G104: TOMORI
B105: DIMARCO | C105: 6.5 | D105: 7.5 | E105: 7 | F105: 6 | G105: ZALEWSKI
B106: MODRIC | C106: 7 | D106: 7 | E106: 5.5 | F106: 6 | G106: MALINOVSKYI
B107: DE ROON | C107: 6.5 | D107: 6 | E107: 7.5 | F107: 6.5 | G107: RABIOT
B108: GOSENS | C108: 6 | D108: 6 | E108: 10 | F108: 7 | G108: SPINAZZOLA
B109: DE KETELAERE | C109: 6 | D109: 6 | E109: 6.5 | F109: 6.5 | G109: VLASIC
B110: MCTOMINAY | C110: 6.5 | D110: 6.5 | E110: 5 | F110: 5 | G110: FERGUSON E.
B111: MARTINEZ L. | C111: 7 | D111: 11 | E111: 10 | F111: 7 | G111: KEAN
B114: FC Demepoli | D114: 2 | E114: 2 | G114: PEPE SCANNATU
D115: 73.5 | E115: 72.5
B117: SVILAR | C117: 5 | D117: 4 | E117: 4 | F117: 5 | G117: LEALI
B118: RAMON | C118: 6.5 | D118: 6.5 | E118: 6 | F118: 6 | G118: TOMORI
B119: GILA | C119: 5.5 | D119: 5.5 | E119: 5.5 | F119: 6 | G119: MANCINI
B120: AKANJI | C120: 6.5 | D120: 6.5 | E120: 7 | F120: 6.5 | G120: WALUKIEWICZ
B121: ANGORI | C121: 6.5 | D121: 6.5 | E121: 7.5 | F121: 6.5 | G121: DIMARCO
B122: THORSTVEDT | C122: 7 | D122: 10 | E122: 10 | F122: 7 | G122: THORSTVEDT
...

Sheet Giornata 11
A1: Playoff Andata
B2: Chicago Hasbulls | D2: 2 | E2: 3 | G2: Zapdoria F.C.
D3: 72 | E3: 74.5
B5: CAPRILE | C5: 5.5 | D5: 3.5 | E5: 6.5 | F5: 6.5 | G5: CARNESECCHI
B6: MIRANDA J. | C6: 6 | D6: 6 | E6: 6.5 | F6: 6.5 | G6: SCALVINI
B7: RRAHMANI | C7: 6 | D7: 6 | E7: 4 | F7: 4 | G7: COMUZZO
B8: BREMER | C8: 6.5 | D8: 6.5 | E8: 7 | F8: 7 | G8: AKANJI
B9: VOJVODA | C9: 6.5 | D9: 6.5 | E9: 6.5 | F9: 6.5 | G9: ZALEWSKI
B10: GUENDOUZI | C10: 5.5 | D10: 5.5 | E10: 6 | F10: 6 | G10: LOFTUS-CHEEK
B11: KONÈ M. | C11: 6 | D11: 6 | E11: 6.5 | F11: 6.5 | G11: EDERSON D.S.
B12: CALHANOGLU | C12: 6.5 | D12: 6 | E12: 9.5 | F12: 6.5 | G12: DI LORENZO
B13: MALINOVSKYI | C13: 6.5 | D13: 7.5 | E13: 10 | F13: 7 | G13: LEAO
B14: DE KETELAERE | C14: 7.5 | D14: 8.5 | E14: 5.5 | F14: 5.5 | G14: IMMOBILE
B15: FERGUSON E. | C15: 7 | D15: 10 | E15: 6.5 | F15: 6.5 | G15: YILDIZ
B18: SPAL Letta Fc | D18: 1 | E18: 1 | G18: Ac Nostalgici 1922
D19: 66 | E19: 69
B21: SOMMER | C21: 6 | D21: 6 | E21: 10 | F21: 7 | G21: BUTEZ
B22: CARLOS AUGUSTO | C22: 6.5 | D22: 6 | E22: 6.5 | F22: 6.5 | G22: ROMAGNOLI
B23: RAMON | C23: 6.5 | D23: 6 | E23: 7 | F23: 7 | G23: AKANJI
B24: KEMPF | C24: 6 | D24: 6 | E24: 5 | F24: 5.5 | G24: KRISTENSEN T.
B25: ZORTEA | C25: 5.5 | D25: 5.5 | E25: 5.5 | F25: 5.5 | G25: SOTTIL
B26: SUCIC P. | C26: 5.5 | D26: 5.5 | E26: 6.5 | F26: 6.5 | G26: MANDRAGORA
B27: CRISTANTE | C27: 6.5 | D27: 6 | E27: 5.5 | F27: 5.5 | G27: PRATI
B28: BARELLA | C28: 6.5 | D28: 7.5 | E28: 5 | F28: 5.5 | G28: DA CUNHA
B29: POLITANO | C29: 5.5 | D29: 5.5 | E29: 5 | F29: 5 | G29: ORSOLINI
B30: KEAN | C30: 5.5 | D30: 5.5 | E30: 5 | F30: 5 | G30: VLASIC
B31: ESPOSITO F.P. | C31: 6.5 | D31: 6.5 | E31: 8 | F31: 7 | G31: DAVIS K.
B34: Forche di Roso FC | D34: 1 | E34: 3 | G34: Fc Polidem
D35: 69 | E35: 75
B37: BUTEZ | C37: 7 | D37: 10 | E37: 6 | F37: 6 | G37: SOMMER
B38: BUONGIORNO | C38: 5 | D38: 5 | E38: 5.5 | F38: 5.5 | G38: ZAPPA
B39: ROMAGNOLI | C39: 6.5 | D39: 6.5 | E39: 6 | F39: 6 | G39: HIEN
B40: KRISTENSEN T. | C40: 5.5 | D40: 5 | E40: 6.5 | F40: 6.5 | G40: BREMER
B41: TOURÈ I. | C41: 5.5 | D41: 5.5 | E41: 6 | F41: 6 | G41: ZERBIN
B42: GUENDOUZI | C42: 5.5 | D42: 5.5 | E42: 5 | F42: 5.5 | G42: DA CUNHA
B43: THURAM K. | C43: 6.5 | D43: 6.5 | E43: 6 | F43: 6.5 | G43: CALHANOGLU
B44: BARELLA | C44: 6.5 | D44: 7.5 | E44: 7 | F44: 6 | G44: LAZARO
B45: VANDEPUTTE | C45: 5.5 | D45: 5.5 | E45: 10 | F45: 7 | G45: ZANIOLO
B46: PULISIC | C46: 6 | D46: 6 | E46: 7.5 | F46: 6.5 | G46: DYBALA
B47: ZAPATA D. | C47: 6 | D47: 6 | E47: 9.5 | F47: 7 | G47: THURAM
B50: ReaL Fantonio | D50: 5 | E50: 2 | G50: Pepinho City
D51: 84 | E51: 73.5
B53: MAIGNAN | C53: 6 | D53: 4.5 | E53: 6 | F53: 6 | G53: SVILAR
B54: CARLOS AUGUSTO | C54: 6.5 | D54: 6 | E54: 6 | F54: 6 | G54: HIEN
B55: OSTIGARD | C55: 6.5 | D55: 6.5 | E55: 5 | F55: 5 | G55: MARIPAN
B56: MARIPAN | C56: 5 | D56: 5 | E56: 7 | F56: 7 | G56: BISSECK
B57: TERRACCIANO F. | C57: 6 | D57: 6 | E57: 9.5 | F57: 7 | G57: GOSENS
B58: CASADEI | C58: 6.5 | D58: 9 | E58: 9.5 | F58: 6.5 | G58: MCTOMINAY
B59: LOBOTKA | C59: 6 | D59: 6 | E59: 5.5 | F59: 5.5 | G59: TOURÈ I.
B60: PERRONE | C60: 7 | D60: 10 | E60: 6 | F60: 6 | G60: THORSTVEDT
B61: PAZ N. | C61: 6 | D61: 6 | E61: 7.5 | F61: 6.5 | G61: RODRIGUEZ JE.
B62: DOUVIKAS | C62: 7.5 | D62: 13.5 | E62: 6.5 | F62: 6.5 | G62: ESPOSITO F.P.
B63: DAVID | C63: 7.5 | D63: 11.5 | E63: 5 | F63: 5 | G63: SIMEONE
B66: Real ZeLo | D66: 1 | E66: 0 | G66: TheStars94
D67: 68.5 | E67: 61.5
B69: DI GREGORIO | C69: 6 | D69: 6 | E69: 6.5 | F69: 6.5 | G69: CARNESECCHI
B70: ZAPPA | C70: 5.5 | D70: 5.5 | E70: 5 | F70: 5 | G70: HEGGEM
B71: GILA | C71: 6 | D71: 6 | E71: 0 | F71: 0 | G71: Giocatore2
B72: MUHAREMOVIC | C72: 4.5 | D72: 2.5 | E72: 6 | F72: 6.5 | G72: RAMON
B73: MARTIN | C73: 6 | D73: 6 | E73: 5.5 | F73: 5.5 | G73: ZORTEA
B74: ATTA | C74: 6.5 | D74: 6.5 | E74: 5.5 | F74: 6.5 | G74: CAMBIASO*
B75: ADOPO | C75: 6.5 | D75: 9.5 | E75: 6 | F75: 6 | G75: KOOPMEINERS
B76: ZACCAGNI | C76: 6 | D76: 5.5 | E76: 6 | F76: 6 | G76: KUHN
B77: VLASIC | C77: 5 | D77: 5 | E77: 5.5 | F77: 5.5 | G77: ELMAS
B78: PAZ N. | C78: 6 | D78: 6 | E78: 10 | F78: 7 | G78: LEAO
B79: FERGUSON E. | C79: 7 | D79: 10 | E79: 5.5 | F79: 5.5 | G79: CASTRO S.
B82: Hillboyss | D82: 2 | E82: 0 | G82: NAPA U
D83: 73 | E83: 64.5
B85: MILINKOVIC-SAVIC V. | C85: 6 | D85: 4 | E85: 4 | F85: 6 | G85: MILINKOVIC-SAVIC V.
B86: PAVLOVIC | C86: 6 | D86: 5.5 | E86: 6 | F86: 6 | G86: ANGORI
B87: GABBIA | C87: 5 | D87: 4.5 | E87: 4.5 | F87: 5 | G87: GASPAR K.
B88: BISSECK | C88: 7 | D88: 7 | E88: 6.5 | F88: 6.5 | G88: KALULU
B89: GALLO | C89: 5.5 | D89: 5.5 | E89: 6 | F89: 6 | G89: NORTON-CUFFY
B90: MODRIC | C90: 6 | D90: 6 | E90: 6 | F90: 6 | G90: SAELEMAEKERS
B91: THURAM K. | C91: 6.5 | D91: 6.5 | E91: 6 | F91: 6 | G91: LOFTUS-CHEEK
B92: PALESTRA | C92: 6.5 | D92: 6.5 | E92: 7 | F92: 7 | G92: LOCATELLI
B93: CAQUERET | C93: 6 | D93: 7 | E93: 5 | F93: 5 | G93: ORSOLINI
B94: VARDY | C94: 7.5 | D94: 10.5 | E94: 5.5 | F94: 5.5 | G94: PELLEGRINO M.
B95: GUDMUNDSSON A. | C95: 7 | D95: 10 | E95: 8 | F95: 7 | G95: DAVIS K.
B98: PEPE SCANNATU | D98: 0 | E98: 2 | G98: Equitalia SpA
D99: 63.5 | E99: 71.5
B101: LEALI | C101: 7 | D101: 5.5 | E101: 6 | F101: 6 | G101: SOMMER
B102: PONGRACIC | C102: 5 | D102: 4.5 | E102: 6 | F102: 6 | G102: MIRANDA J.
B103: WALUKIEWICZ | C103: 5.5 | D103: 5.5 | E103: 5 | F103: 5 | G103: HEGGEM
B104: TOMORI | C104: 6 | D104: 5.5 | E104: 5.5 | F104: 5.5 | G104: ISMAJLI
B105: DIMARCO | C105: 7.5 | D105: 10.5 | E105: 5.5 | F105: 5.5 | G105: WALUKIEWICZ
B106: THORSTVEDT | C106: 6 | D106: 6 | E106: 6 | F106: 6 | G106: MODRIC
B107: KONÈ M. | C107: 6 | D107: 6 | E107: 6 | F107: 6.5 | G107: CALHANOGLU
B108: KUHN | C108: 6 | D108: 6 | E108: 10 | F108: 7 | G108: LEAO
B109: LANG | C109: 6.5 | D109: 7.5 | E109: 6.5 | F109: 6.5 | G109: TRAMONI M.
B110: STANCIU | C110: 4.5 | D110: 1.5 | E110: 5 | F110: 5 | G110: ORSOLINI
B111: SIMEONE | C111: 5 | D111: 5 | E111: 10 | F111: 7 | G111: GUDMUNDSSON A.
B114: CamerierCarlo | D114: 1 | E114: 1 | G114: Pich Saint Germain
D115: 68.5 | E115: 69
B117: CARNESECCHI | C117: 6.5 | D117: 6.5 | E117: 4.5 | F117: 6 | G117: MAIGNAN
B118: ROMAGNOLI | C118: 6.5 | D118: 6.5 | E118: 6.5 | F118: 6.5 | G118: BREMER
B119: KALULU | C119: 6.5 | D119: 6.5 | E119: 6 | F119: 6 | G119: RRAHMANI
B120: SCALVINI | C120: 6.5 | D120: 6.5 | E120: 6 | F120: 6 | G120: RANIERI L.
B121: VOJVODA | C121: 6.5 | D121: 6.5 | E121: 6 | F121: 6 | G121: WESLEY
B122: FOFANA Y. | C122: 5 | D122: 5 | E122: 6.5 | F122: 6.5 | G122: RABIOT
...

Sheet Giornata 12
A1: Playoff Ritorno
B2: Zapdoria F.C. | D2: 0 | E2: 0 | G2: Chicago Hasbulls
D3: 65 | E3: 64.5
B5: CARNESECCHI | C5: 7 | D5: 6 | E5: 5 | F5: 6 | G5: DE GEA
B6: VASQUEZ | C6: 6.5 | D6: 6.5 | E6: 6 | F6: 6 | G6: BEUKEMA
B7: SCALVINI | C7: 6 | D7: 5.5 | E7: 6.5 | F7: 6.5 | G7: RRAHMANI
B8: AKANJI | C8: 6.5 | D8: 6.5 | E8: 6 | F8: 6 | G8: BREMER
B9: ZALEWSKI | C9: 6 | D9: 6 | E9: 6 | F9: 6 | G9: TERRACCIANO F.
B10: LOFTUS-CHEEK | C10: 5.5 | D10: 5.5 | E10: 5.5 | F10: 5.5 | G10: MALINOVSKYI
B11: PASALIC | C11: 5.5 | D11: 5 | E11: 6.5 | F11: 6.5 | G11: KONÈ M.
B12: DI LORENZO | C12: 6.5 | D12: 6.5 | E12: 6 | F12: 6 | G12: VOJVODA
B13: LEAO | C13: 6 | D13: 6 | E13: 6 | F13: 6.5 | G13: YILDIZ
B14: PELLEGRINO M. | C14: 5.5 | D14: 5.5 | E14: 5.5 | F14: 5.5 | G14: CASTRO S.
B15: YILDIZ | C15: 6.5 | D15: 6 | E15: 5.5 | F15: 5.5 | G15: DE KETELAERE
B18: AC Nostalgici 1922 | D18: 1 | E18: 0 | G18: SPAL Letta Fc
D19: 69 | E19: 55
B21: BUTEZ | C21: 6.5 | D21: 6.5 | E21: 6 | F21: 6 | G21: SOMMER
B22: MARUSIC | C22: 4.5 | D22: 4.5 | E22: 5.5 | F22: 6 | G22: CARLOS AUGUSTO
B23: ROMAGNOLI | C23: 5 | D23: 4.5 | E23: 7 | F23: 7 | G23: RAMON
B24: MANCINI | C24: 7 | D24: 6.5 | E24: 0 | F24: 0
B25: KRISTENSEN T. | C25: 5 | D25: 5 | E25: 6 | F25: 6 | G25: GOSENS
B26: FABBIAN | C26: 6.5 | D26: 9.5 | E26: 0 | F26: 0
B27: MANDRAGORA | C27: 7 | D27: 10 | E27: 6.5 | F27: 6.5 | G27: CRISTANTE
B28: DA CUNHA | C28: 6.5 | D28: 6.5 | E28: 5.5 | F28: 5.5 | G28: BARELLA
B29: ORSOLINI | C29: 5.5 | D29: 5.5 | E29: 5.5 | F29: 5.5 | G29: POLITANO
B30: VARDY | C30: 5.5 | D30: 5 | E30: 5.5 | F30: 5.5 | G30: OPENDA
B31: ORISTANIO | C31: 5.5 | D31: 5.5 | E31: 7.5 | F31: 6.5 | G31: ESPOSITO F.P.
B34: FC Polidem | D34: 2 | E34: 0 | G34: Forche di Roso FC
D35: 72 | E35: 65.5
B37: SOMMER | C37: 6 | D37: 6 | E37: 6.5 | F37: 6.5 | G37: BUTEZ
B38: ESTUPINAN | C38: 6 | D38: 6 | E38: 6.5 | F38: 6.5 | G38: VASQUEZ
B39: HIEN | C39: 6 | D39: 6 | E39: 6 | F39: 6 | G39: BUONGIORNO
B40: BREMER | C40: 6 | D40: 6 | E40: 7 | F40: 7 | G40: N'DICKA
B41: WALUKIEWICZ | C41: 5 | D41: 5 | E41: 5.5 | F41: 6 | G41: DE WINTER
B42: DOIG | C42: 6 | D42: 6 | E42: 6.5 | F42: 6.5 | G42: TOURÈ I.
B43: DA CUNHA | C43: 6.5 | D43: 6.5 | E43: 5.5 | F43: 5.5 | G43: BARELLA
B44: FRENDRUP | C44: 6.5 | D44: 6.5 | E44: 6 | F44: 6 | G44: ADOPO
B45: LAZARO | C45: 5 | D45: 5 | E45: 5.5 | F45: 6 | G45: VANDEPUTTE
B46: ESPOSITO F.P. | C46: 6.5 | D46: 7.5 | E46: 5.5 | F46: 5.5 | G46: PULISIC
B47: DYBALA | C47: 7.5 | D47: 11.5 | E47: 5 | F47: 6.5 | G47: CIRCATI*
B50: Pepinho City | D50: 1 | E50: 2 | G50: ReaL Fantonio
D51: 67.5 | E51: 73
B53: SVILAR | C53: 6 | D53: 6 | E53: 6 | F53: 6 | G53: MAIGNAN
B54: RENSCH | C54: 6 | D54: 7 | E54: 5.5 | F54: 6 | G54: CARLOS AUGUSTO
B55: GILA | C55: 5 | D55: 5 | E55: 6 | F55: 6.5 | G55: OSTIGARD
B56: BISSECK | C56: 6 | D56: 6 | E56: 6 | F56: 6 | G56: HERMOSO
B57: GOSENS | C57: 6 | D57: 6 | E57: 6 | F57: 6 | G57: TERRACCIANO F.
B58: MCTOMINAY | C58: 6 | D58: 6 | E58: 6.5 | F58: 6.5 | G58: PERRONE
B59: PERRONE | C59: 6.5 | D59: 6.5 | E59: 10 | F59: 7 | G59: LOBOTKA
B60: FREULER | C60: 5.5 | D60: 5.5 | E60: 6 | F60: 6 | G60: BERNABÈ
B61: KARLSTROM | C61: 6 | D61: 6 | E61: 10.5 | F61: 7.5 | G61: PAZ N.
B62: RODRIGUEZ JE. | C62: 6 | D62: 6 | E62: 5 | F62: 5 | G62: DAVID
B63: ESPOSITO F.P. | C63: 6.5 | D63: 7.5 | E63: 5.5 | F63: 6 | G63: FERGUSON
B66: TheStars94 | D66: 0 | E66: 2 | G66: Real ZeLo
D67: 64 | E67: 73
B69: CARNESECCHI | C69: 7 | D69: 6 | E69: 5 | F69: 6 | G69: PERIN
B70: HEGGEM | C70: 5 | D70: 5 | E70: 7 | F70: 6 | G70: RENSCH
B71: CANESTRELLI | C71: 6 | D71: 6 | E71: 6 | F71: 6 | G71: HERMOSO
B72: RAMON | C72: 7 | D72: 7 | E72: 5 | F72: 5 | G72: GILA
B73: CAMBIASO | C73: 5.5 | D73: 5.5 | E73: 6 | F73: 6 | G73: MARTIN
B74: PASALIC | C74: 5.5 | D74: 5 | E74: 5.5 | F74: 5.5 | G74: ATTA
B75: KOOPMEINERS | C75: 5.5 | D75: 5.5 | E75: 5.5 | F75: 5.5 | G75: DE ROON
B76: ZAPPACOSTA | C76: 6 | D76: 6 | E76: 8 | F76: 7 | G76: ROWE
B77: SOULÈ | C77: 6 | D77: 6 | E77: 4.5 | F77: 5 | G77: ZACCAGNI
B78: COLOMBO | C78: 6 | D78: 6 | E78: 10.5 | F78: 7.5 | G78: PAZ N.
B79: LEAO | C79: 6 | D79: 6 | E79: 10 | F79: 7 | G79: KRSTOVIC
B82: NAPA U | D82: 1 | E82: 0 | G82: Hillboyss
D83: 66 | E83: 62.5
B85: MILINKOVIC-SAVIC V. | C85: 6.5 | D85: 6.5 | E85: 6.5 | F85: 6.5 | G85: MILINKOVIC-SAVIC V.
B86: KELLY L. | C86: 6 | D86: 6 | E86: 6 | F86: 6 | G86: KELLY L.
B87: KALULU | C87: 5.5 | D87: 5.5 | E87: 6.5 | F87: 6.5 | G87: GABBIA
B88: MANCINI | C88: 7 | D88: 6.5 | E88: 6 | F88: 6 | G88: BISSECK
B89: DELPRATO | C89: 6 | D89: 6 | E89: 6 | F89: 6 | G89: GALLO
B90: SAELEMAEKERS | C90: 7 | D90: 8 | E90: 6.5 | F90: 6.5 | G90: CAQUERET
B91: LOCATELLI | C91: 6 | D91: 6 | E91: 0 | F91: 0
B92: LOFTUS-CHEEK | C92: 5.5 | D92: 5.5 | E92: 6.5 | F92: 6.5 | G92: PALESTRA
B93: ORSOLINI | C93: 5.5 | D93: 5.5 | E93: 6 | F93: 6 | G93: SOULÈ
B94: PELLEGRINO M. | C94: 5.5 | D94: 5.5 | E94: 7.5 | F94: 6.5 | G94: GUDMUNDSSON A.
B95: SCAMACCA | C95: 5 | D95: 5 | E95: 5 | F95: 5.5 | G95: VARDY
B98: Equitalia SpA | D98: 0 | E98: 0 | G98: PEPE SCANNATU
D99: 62.5 | E99: 58.5
B101: SOMMER | C101: 6 | D101: 6 | E101: 6 | F101: 6 | G101: LEALI
B102: MIRANDA J. | C102: 5.5 | D102: 5 | E102: 6 | F102: 6 | G102: TOMORI
B103: HEGGEM | C103: 5 | D103: 5 | E103: 6.5 | F103: 7 | G103: MANCINI
B104: COCO | C104: 5 | D104: 5 | E104: 5 | F104: 5 | G104: WALUKIEWICZ
B105: WALUKIEWICZ | C105: 5 | D105: 5 | E105: 6.5 | F105: 6.5 | G105: DIMARCO
B106: DA CUNHA | C106: 6.5 | D106: 6.5 | E106: 6.5 | F106: 6.5 | G106: KONÈ M.
B107: COULIBALY L. | C107: 6.5 | D107: 6.5 | E107: 0 | F107: 0
B108: LEAO | C108: 6 | D108: 6 | E108: 5 | F108: 5.5 | G108: MIRANDA J.
B109: TRAMONI M. | C109: 6 | D109: 6 | E109: 6.5 | F109: 6.5 | G109: PIEROTTI
B110: ORSOLINI | C110: 5.5 | D110: 5.5 | E110: 5 | F110: 5 | G110: ODGAARD
B111: COLOMBO | C111: 6 | D111: 6 | E111: 5.5 | F111: 5.5 | G111: LANG
B114: Pich Saint Germain | D114: 1 | E114: 0 | G114: CamerierCarlo
D115: 67 | E115: 65.5
B117: MAIGNAN | C117: 6 | D117: 6 | E117: 6 | F117: 7 | G117: CARNESECCHI
B118: RRAHMANI | C118: 6.5 | D118: 6.5 | E118: 5.5 | F118: 5.5 | G118: KALULU
B119: BREMER | C119: 6 | D119: 6 | E119: 5.5 | F119: 6 | G119: SCALVINI
B120: BEUKEMA | C120: 6 | D120: 6 | E120: 4.5 | F120: 5 | G120: ROMAGNOLI
B121: ZAPPACOSTA | C121: 6 | D121: 6 | E121: 6.5 | F121: 6.5 | G121: WESLEY
B122: MCTOMINAY | C122: 6 | D122: 6 | E122: 6 | F122: 6 | G122: MKHITARYAN
...

Sheet Giornata 13
A1: Ottavi Andata
B2: Zapdoria F.C. | D2: 3 | E2: 1 | G2: Bayern Muten
D3: 76.5 | E3: 68
B5: CARNESECCHI | C5: 8.5 | D5: 11.5 | E5: 6.5 | F5: 6.5 | G5: SOMMER
B6: VASQUEZ | C6: 6.5 | D6: 6.5 | E6: 6.5 | F6: 6.5 | G6: BASTONI
B7: SCALVINI | C7: 6 | D7: 6 | E7: 6.5 | F7: 6.5 | G7: COCO
B8: AKANJI | C8: 6 | D8: 6 | E8: 6.5 | F8: 6.5 | G8: DJIMSITI
B9: DODÒ | C9: 6.5 | D9: 6.5 | E9: 8 | F9: 7 | G9: DIMARCO
B10: LOFTUS-CHEEK | C10: 7 | D10: 10 | E10: 6 | F10: 6 | G10: CRISTANTE
B11: LOCATELLI | C11: 6.5 | D11: 6.5 | E11: 5.5 | F11: 5.5 | G11: BERNABÈ
B12: DI LORENZO | C12: 6 | D12: 6 | E12: 7.5 | F12: 6.5 | G12: ZAPPA
B13: LAURIENTÈ | C13: 6 | D13: 6 | E13: 5 | F13: 5 | G13: ODGAARD
B14: CASTRO S. | C14: 5.5 | D14: 5.5 | E14: 4.5 | F14: 5.5 | G14: ZORTEA*
B15: YILDIZ | C15: 6 | D15: 6 | E15: 5.5 | F15: 5.5 | G15: MORATA
B18: AC Nostalgici 1922 | D18: 0 | E18: 1 | G18: FC Arrisse
D19: 65.5 | E19: 67.5
B21: BUTEZ | C21: 6 | D21: 5.5 | E21: 2.5 | F21: 6 | G21: RAVAGLIA F.
B22: VASQUEZ | C22: 6.5 | D22: 6.5 | E22: 4.5 | F22: 5.5 | G22: PEZZELLA GIU.*
B23: AKANJI | C23: 6 | D23: 6 | E23: 6 | F23: 6 | G23: RANIERI L.
B24: MANCINI | C24: 6.5 | D24: 6 | E24: 6.5 | F24: 6.5 | G24: MINA
B25: MARUSIC | C25: 6 | D25: 6 | E25: 8 | F25: 7 | G25: DIMARCO
B26: FABBIAN | C26: 5.5 | D26: 5 | E26: 6.5 | F26: 6.5 | G26: MODRIC
B27: MANDRAGORA | C27: 6 | D27: 6 | E27: 5.5 | F27: 6 | G27: DE ROON
B28: DA CUNHA | C28: 6.5 | D28: 6 | E28: 5.5 | F28: 5.5 | G28: RODRIGUEZ JE.
B29: VLASIC | C29: 7 | D29: 7.5 | E29: 6 | F29: 6 | G29: BATURINA
B30: DAVIS K. | C30: 6 | D30: 5.5 | E30: 6.5 | F30: 6.5 | G30: MCTOMINAY
B31: ORSOLINI | C31: 5.5 | D31: 5.5 | E31: 10 | F31: 7 | G31: MARTINEZ L.
B34: FC Polidem | D34: 3 | E34: 2 | G34: Mestieranti alla Better
D35: 76 | E35: 72.5
B37: SOMMER | C37: 6.5 | D37: 6.5 | E37: 5.5 | F37: 6.5 | G37: DI GREGORIO
B38: DOIG | C38: 6.5 | D38: 6.5 | E38: 4.5 | F38: 4.5 | G38: MARTIN
B39: WALUKIEWICZ | C39: 6 | D39: 6 | E39: 6.5 | F39: 6.5 | G39: BASTONI
B40: BREMER | C40: 8 | D40: 13.5 | E40: 6 | F40: 6 | G40: MARIPAN
B41: ZAPPA | C41: 6.5 | D41: 7.5 | E41: 6 | F41: 6 | G41: DI LORENZO
B42: BELLANOVA | C42: 6 | D42: 5.5 | E42: 10 | F42: 7 | G42: LOFTUS-CHEEK
B43: DA CUNHA | C43: 6.5 | D43: 6 | E43: 6 | F43: 6 | G43: LOBOTKA
B44: FRENDRUP | C44: 6.5 | D44: 6.5 | E44: 6.5 | F44: 6.5 | G44: ATTA
B45: LAZARO | C45: 6 | D45: 6 | E45: 5.5 | F45: 5.5 | G45: SOULÈ
B46: THURAM | C46: 6 | D46: 6 | E46: 6 | F46: 6 | G46: THURAM
B47: PINAMONTI | C47: 6 | D47: 6 | E47: 10 | F47: 7 | G47: ADAMS C.
B50: ReaL Fantonio | D50: 1 | E50: 0 | G50: Fusbana
D51: 67 | E51: 61
B53: MAIGNAN | C53: 6 | D53: 6 | E53: 3 | F53: 5 | G53: AUDERO
B54: GUTIERREZ | C54: 7 | D54: 10 | E54: 5.5 | F54: 5.5 | G54: VALERI
B55: OSTIGARD | C55: 5 | D55: 4.5 | E55: 5.5 | F55: 6 | G55: TIAGO GABRIEL
B56: HERMOSO | C56: 6 | D56: 6 | E56: 6.5 | F56: 6.5 | G56: MINA
B57: TERRACCIANO F. | C57: 6 | D57: 6 | E57: 6 | F57: 6 | G57: VOJVODA
B58: PELLEGRINI LO. | C58: 5.5 | D58: 5 | E58: 5.5 | F58: 6 | G58: PERRONE
B59: LOBOTKA | C59: 6 | D59: 6 | E59: 5.5 | F59: 5.5 | G59: BERNABÈ
B60: CASADEI | C60: 6.5 | D60: 6.5 | E60: 6 | F60: 6 | G60: MKHITARYAN
B61: PAZ N. | C61: 4.5 | D61: 1.5 | E61: 6 | F61: 6 | G61: LAZARO
B62: DOUVIKAS | C62: 5.5 | D62: 5.5 | E62: 5.5 | F62: 5.5 | G62: RODRIGUEZ JE.
B63: DAVID | C63: 7 | D63: 10 | E63: 6 | F63: 6 | G63: PINAMONTI
B66: Real ZeLo | D66: 2 | E66: 3 | G66: Vojvodka liscia
D67: 70.5 | E67: 75.5
B69: DI GREGORIO | C69: 6.5 | D69: 5.5 | E69: 6 | F69: 6 | G69: MAIGNAN
B70: MARTIN | C70: 4.5 | D70: 4.5 | E70: 6 | F70: 6 | G70: CELIK
B71: GILA | C71: 6 | D71: 6 | E71: 5.5 | F71: 6 | G71: BUONGIORNO
B72: MUHAREMOVIC | C72: 6.5 | D72: 6.5 | E72: 5.5 | F72: 6 | G72: TIAGO GABRIEL
B73: ZAPPA | C73: 6.5 | D73: 7.5 | E73: 6.5 | F73: 6.5 | G73: DODÒ
B74: ATTA | C74: 6.5 | D74: 6.5 | E74: 6.5 | F74: 6.5 | G74: SUCIC P.
B75: ADOPO | C75: 6.5 | D75: 6.5 | E75: 5.5 | F75: 6 | G75: DE ROON
B76: ESPOSITO SE. | C76: 7 | D76: 8 | E76: 11.5 | F76: 7.5 | G76: RABIOT
B77: PAZ N. | C77: 4.5 | D77: 1.5 | E77: 7 | F77: 6.5 | G77: CONCEICAO
B78: VLASIC | C78: 7 | D78: 7.5 | E78: 5.5 | F78: 5.5 | G78: COLOMBO
B79: BERARDI | C79: 7.5 | D79: 10.5 | E79: 10 | F79: 7 | G79: MARTINEZ L.
B82: Hillboyss | D82: 1 | E82: 1 | G82: FC Demepoli
D83: 69.5 | E83: 68
B85: MERET | C85: 7 | D85: 7 | E85: 5 | F85: 6 | G85: SVILAR
B86: PAVLOVIC | C86: 6.5 | D86: 6.5 | E86: 6.5 | F86: 6.5 | G86: RAMON
B87: KELLY L. | C87: 6.5 | D87: 6.5 | E87: 6 | F87: 6 | G87: GILA
B88: BISSECK | C88: 6 | D88: 6 | E88: 6 | F88: 6 | G88: AKANJI
B89: PALESTRA | C89: 7 | D89: 7 | E89: 6.5 | F89: 6.5 | G89: DOIG
B90: MODRIC | C90: 6.5 | D90: 6.5 | E90: 5.5 | F90: 6 | G90: PERRONE
B91: THURAM K. | C91: 6.5 | D91: 6.5 | E91: 5.5 | F91: 6 | G91: DE ROON
B92: CONCEICAO | C92: 6.5 | D92: 7 | E92: 5.5 | F92: 5.5 | G92: DELPRATO
B93: SOULÈ | C93: 5.5 | D93: 5.5 | E93: 5.5 | F93: 5.5 | G93: ELLERTSSON
B94: GUDMUNDSSON A. | C94: 6 | D94: 6 | E94: 6 | F94: 6 | G94: PINAMONTI
B95: VARDY | C95: 5.5 | D95: 5 | E95: 10 | F95: 7 | G95: MARTINEZ L.
B98: Equitalia SpA | D98: 0 | E98: 1 | G98: PETRUS
D99: 60.5 | E99: 69.5
B101: SOMMER | C101: 6.5 | D101: 6.5 | E101: 5.5 | F101: 6.5 | G101: DI GREGORIO
B102: MIRANDA J. | C102: 4 | D102: 4 | E102: 7.5 | F102: 6.5 | G102: OBERT
B103: HEGGEM | C103: 4.5 | D103: 4.5 | E103: 4.5 | F103: 5 | G103: OSTIGARD
B104: COCO | C104: 6.5 | D104: 6.5 | E104: 6.5 | F104: 6.5 | G104: LUPERTO
B105: WALUKIEWICZ | C105: 6 | D105: 6 | E105: 0 | F105: 0 | G105: Giocatore4
B106: DA CUNHA | C106: 6.5 | D106: 6 | E106: 5.5 | F106: 6 | G106: EL AYNAOUI
B107: EL AYNAOUI | C107: 6 | D107: 5.5 | E107: 10 | F107: 7 | G107: EKKELENKAMP
B108: GUDMUNDSSON A. | C108: 6 | D108: 6 | E108: 5.5 | F108: 5.5 | G108: ZALEWSKI
B109: TRAMONI M. | C109: 5 | D109: 4.5 | E109: 10.5 | F109: 7.5 | G109: BERARDI
B110: ORSOLINI | C110: 5.5 | D110: 5.5 | E110: 4 | F110: 5 | G110: SARR A.
B111: COLOMBO | C111: 5.5 | D111: 5.5 | E111: 10 | F111: 7 | G111: ADAMS C.
B114: Pich Saint Germain | D114: 4 | E114: 0 | G114: Ahh poesse
D115: 79.5 | E115: 60
B117: MAIGNAN | C117: 6 | D117: 6 | E117: 4 | F117: 6 | G117: DE GEA
B118: DARMIAN | C118: 6 | D118: 6 | E118: 6 | F118: 6 | G118: MARUSIC
B119: BREMER | C119: 8 | D119: 13.5 | E119: 3 | F119: 5 | G119: CARACCIOLO A.
B120: BASTONI | C120: 6.5 | D120: 6.5 | E120: 6.5 | F120: 6.5 | G120: PROVSTGAARD
B121: WESLEY | C121: 5 | D121: 5 | E121: 5 | F121: 5.5 | G121: NORTON-CUFFY
B122: RABIOT | C122: 7.5 | D122: 11.5 | E122: 10 | F122: 7.5 | G122: MCKENNIE
...

Sheet Giornata 14
A1: Ottavi Ritorno
B2: Bayern Muten | D2: 0 | E2: 3 | G2: Zapdoria F.C.
D3: 65 | E3: 76
B5: SOMMER | C5: 6 | D5: 4 | E5: 6.5 | F5: 6.5 | G5: CARNESECCHI
B6: BASCHIROTTO | C6: 7 | D6: 7 | E6: 6.5 | F6: 6.5 | G6: VASQUEZ
B7: BASTONI | C7: 6 | D7: 5.5 | E7: 5 | F7: 5.5 | G7: SCALVINI
B8: DJIMSITI | C8: 6 | D8: 5.5 | E8: 6 | F8: 6 | G8: AKANJI
B9: DIMARCO | C9: 6.5 | D9: 7.5 | E9: 6 | F9: 6.5 | G9: BARTESAGHI
B10: CRISTANTE | C10: 6 | D10: 6 | E10: 9 | F10: 7 | G10: MCKENNIE
B11: BERNABÈ | C11: 7 | D11: 10 | E11: 10 | F11: 7 | G11: LOFTUS-CHEEK
B12: ZORTEA | C12: 6 | D12: 6 | E12: 10 | F12: 7 | G12: ZALEWSKI
B13: MOREO | C13: 6 | D13: 6 | E13: 5.5 | F13: 5.5 | G13: LEAO
B14: FULLKRUG | C14: 4.5 | D14: 1.5 | E14: 5.5 | F14: 5.5 | G14: COLOMBO
B15: RASPADORI | C15: 6 | D15: 6 | E15: 6 | F15: 6 | G15: YILDIZ
B18: FC Arrisse | D18: 1 | E18: 2 | G18: AC Nostalgici 1922
D19: 67.5 | E19: 70
B21: SKORUPSKI | C21: 6 | D21: 5 | E21: 5 | F21: 6 | G21: SKORUPSKI
B22: BELLA-KOTCHAP | C22: 6 | D22: 6 | E22: 6.5 | F22: 6.5 | G22: VASQUEZ
B23: RRAHMANI | C23: 5 | D23: 4.5 | E23: 6 | F23: 6 | G23: AKANJI
B24: BEUKEMA | C24: 6.5 | D24: 6.5 | E24: 5.5 | F24: 5.5 | G24: KRISTENSEN T.
B25: DIMARCO | C25: 6.5 | D25: 7.5 | E25: 9.5 | F25: 6.5 | G25: SPINAZZOLA
B26: MODRIC | C26: 7 | D26: 10 | E26: 5.5 | F26: 5.5 | G26: DA CUNHA
B27: DE ROON | C27: 5.5 | D27: 5.5 | E27: 6 | F27: 6.5 | G27: MANDRAGORA
B28: LUIS HENRIQUE | C28: 5.5 | D28: 5.5 | E28: 5.5 | F28: 5.5 | G28: BATURINA
B29: BATURINA | C29: 5.5 | D29: 5.5 | E29: 8.5 | F29: 6 | G29: VLASIC
B30: BONAZZOLI | C30: 6 | D30: 6 | E30: 6.5 | F30: 6.5 | G30: SOLOMON
B31: MARTINEZ L. | C31: 5.5 | D31: 5.5 | E31: 5.5 | F31: 5.5 | G31: VARDY
B34: Mestieranti alla Better | D34: 1 | E34: 2 | G34: FC Polidem
D35: 67.5 | E35: 70
B37: BUTEZ | C37: 6 | D37: 4 | E37: 4 | F37: 6 | G37: SOMMER
B38: MARTIN | C38: 5.5 | D38: 5.5 | E38: 6 | F38: 6 | G38: ZAPPA
B39: BASTONI | C39: 6 | D39: 5.5 | E39: 6 | F39: 6 | G39: MARCANDALLI
B40: N'DICKA | C40: 7 | D40: 7 | E40: 7 | F40: 7 | G40: BREMER
B41: CELIK | C41: 6 | D41: 6 | E41: 6 | F41: 6.5 | G41: BARTESAGHI
B42: ATTA | C42: 6 | D42: 5.5 | E42: 5.5 | F42: 5.5 | G42: DA CUNHA
B43: LOBOTKA | C43: 6 | D43: 6 | E43: 6 | F43: 6.5 | G43: CALHANOGLU
B44: STREFEZZA | C44: 6.5 | D44: 6.5 | E44: 5.5 | F44: 5.5 | G44: PALESTRA
B45: LOFTUS-CHEEK | C45: 7 | D45: 10 | E45: 6.5 | F45: 6.5 | G45: ZANIOLO
B46: VERGARA | C46: 5.5 | D46: 5.5 | E46: 6 | F46: 6 | G46: THURAM
B47: THURAM | C47: 6 | D47: 6 | E47: 11.5 | F47: 7.5 | G47: PINAMONTI
B50: Fusbana | D50: 4 | E50: 0 | G50: ReaL Fantonio
D51: 80.5 | E51: 57.5
B53: AUDERO | C53: 7 | D53: 7 | E53: 5.5 | F53: 6.5 | G53: MAIGNAN
B54: VALERI | C54: 6.5 | D54: 6.5 | E54: 6 | F54: 6 | G54: CARLOS AUGUSTO
B55: SOLET | C55: 6.5 | D55: 9.5 | E55: 6.5 | F55: 6.5 | G55: OSTIGARD
B56: MINA | C56: 5.5 | D56: 5.5 | E56: 5 | F56: 5.5 | G56: MARIPAN
B57: VOJVODA | C57: 5.5 | D57: 5.5 | E57: 6 | F57: 6.5 | G57: TERRACCIANO F.
B58: BERNABÈ | C58: 7 | D58: 10 | E58: 5.5 | F58: 5.5 | G58: PELLEGRINI LO.
B59: CALHANOGLU | C59: 6.5 | D59: 6 | E59: 5 | F59: 5 | G59: PERRONE
B60: LAURIENTÈ | C60: 7 | D60: 10 | E60: 6 | F60: 6 | G60: CASADEI
B61: PERRONE | C61: 5 | D61: 5 | E61: 5 | F61: 5 | G61: PAZ N.
B62: RODRIGUEZ JE. | C62: 6.5 | D62: 6 | E62: 5.5 | F62: 5.5 | G62: DOUVIKAS
B63: PELLEGRINO M. | C63: 6.5 | D63: 9.5 | E63: 1.5 | F63: 4.5 | G63: FULLKRUG
B66: Vojvodka liscia | D66: 1 | E66: 0 | G66: Real ZeLo
D67: 66.5 | E67: 61
B69: MAIGNAN | C69: 6.5 | D69: 5.5 | E69: 2.5 | F69: 4.5 | G69: CAPRILE
B70: CELIK | C70: 6 | D70: 6 | E70: 5.5 | F70: 5.5 | G70: MARTIN
B71: KEMPF | C71: 5 | D71: 4.5 | E71: 5.5 | F71: 5.5 | G71: GILA
B72: SOLET | C72: 6.5 | D72: 9.5 | E72: 5 | F72: 5.5 | G72: MUHAREMOVIC
B73: DODÒ | C73: 6.5 | D73: 6.5 | E73: 6 | F73: 6 | G73: BARBIERI
B74: RABIOT | C74: 5 | D74: 4 | E74: 5.5 | F74: 6 | G74: ATTA
B75: CATALDI | C75: 5 | D75: 5 | E75: 5.5 | F75: 5.5 | G75: ADOPO
B76: ZIELINSKI | C76: 7 | D76: 9.5 | E76: 6 | F76: 6 | G76: BERARDI
B77: ISAKSEN | C77: 5 | D77: 5 | E77: 5 | F77: 5 | G77: PAZ N.
B78: COLOMBO | C78: 5.5 | D78: 5.5 | E78: 8.5 | F78: 6 | G78: VLASIC
B79: MARTINEZ L. | C79: 5.5 | D79: 5.5 | E79: 6 | F79: 6 | G79: KRSTOVIC
B82: FC Demepoli | D82: 1 | E82: 0 | G82: Hillboyss
D83: 66.5 | E83: 65.5
B85: SVILAR | C85: 6 | D85: 4 | E85: 4 | F85: 6 | G85: MILINKOVIC-SAVIC V.
B86: DELPRATO | C86: 6 | D86: 6 | E86: 6.5 | F86: 6.5 | G86: PAVLOVIC
B87: RAMON | C87: 5.5 | D87: 5.5 | E87: 5.5 | F87: 5.5 | G87: GABBIA
B88: AKANJI | C88: 6 | D88: 6 | E88: 7 | F88: 6 | G88: BISSECK
B89: DOIG | C89: 6 | D89: 6 | E89: 5.5 | F89: 5.5 | G89: PALESTRA
B90: ZIELINSKI | C90: 7 | D90: 9.5 | E90: 10 | F90: 7 | G90: MODRIC
B91: PERRONE | C91: 5 | D91: 5 | E91: 5 | F91: 6 | G91: GALLO*
B92: ELMAS | C92: 6.5 | D92: 7.5 | E92: 6 | F92: 6 | G92: CONCEICAO
B93: ONDREJKA | C93: 6 | D93: 6 | E93: 5 | F93: 5 | G93: SOULÈ
B94: KILICSOY | C94: 5.5 | D94: 5.5 | E94: 5.5 | F94: 5.5 | G94: VERGARA
B95: MARTINEZ L. | C95: 5.5 | D95: 5.5 | E95: 5.5 | F95: 5.5 | G95: VARDY
B98: PETRUS | D98: 1 | E98: 0 | G98: Equitalia SpA
D99: 67 | E99: 60.5
B101: DI GREGORIO | C101: 5.5 | D101: 2.5 | E101: 4 | F101: 6 | G101: SOMMER
B102: OBERT | C102: 6 | D102: 6 | E102: 5.5 | F102: 5.5 | G102: COCO
B103: CIRCATI | C103: 5 | D103: 4.5 | E103: 6 | F103: 6 | G103: OBERT
B104: LUPERTO | C104: 6.5 | D104: 6.5 | E104: 6 | F104: 6 | G104: WALUKIEWICZ
B105: BARTESAGHI | C105: 6.5 | D105: 6 | E105: 5.5 | F105: 5.5 | G105: MIRANDA J.
B106: EKKELENKAMP | C106: 6 | D106: 5.5 | E106: 5.5 | F106: 6 | G106: EKKELENKAMP
B107: MCKENNIE | C107: 7 | D107: 9 | E107: 6 | F107: 6.5 | G107: CALHANOGLU
B108: ZALEWSKI | C108: 7 | D108: 10 | E108: 5.5 | F108: 5.5 | G108: DA CUNHA
B109: LEAO | C109: 5.5 | D109: 5.5 | E109: 8 | F109: 7 | G109: ROWE
B110: ADAMS C. | C110: 5.5 | D110: 5.5 | E110: 3 | F110: 4 | G110: ORBAN G.
B111: BERARDI | C111: 6 | D111: 6 | E111: 5.5 | F111: 5.5 | G111: COLOMBO
B114: Ahh poesse | D114: 2 | E114: 1 | G114: Pich Saint Germain
D115: 71.5 | E115: 66.5
B117: CORVI | C117: 6 | D117: 5 | E117: 5.5 | F117: 6.5 | G117: MAIGNAN
B118: VALERI | C118: 6.5 | D118: 6.5 | E118: 6 | F118: 6 | G118: CELIK
B119: CIRCATI | C119: 5 | D119: 4.5 | E119: 7 | F119: 7 | G119: BREMER
B120: BASCHIROTTO | C120: 7 | D120: 7 | E120: 5.5 | F120: 6 | G120: BASTONI
B121: NORTON-CUFFY | C121: 6.5 | D121: 6.5 | E121: 6.5 | F121: 6.5 | G121: ZAPPACOSTA
B122: BERNABÈ | C122: 7 | D122: 10 | E122: 6.5 | F122: 6.5 | G122: KONÈ I.
...

Sheet Giornata 15
A1: Quarti Andata
B2: Zapdoria F.C. | D2: 0 | E2: 1 | G2: AC Nostalgici 1922
D3: 65 | E3: 69
B5: CARNESECCHI | C5: 6.5 | D5: 4.5 | E5: 5 | F5: 6 | G5: BUTEZ
B6: LUCUMÌ | C6: 6 | D6: 5.5 | E6: 5.5 | F6: 5.5 | G6: ROMAGNOLI
B7: SCALVINI | C7: 5.5 | D7: 5.5 | E7: 6 | F7: 6 | G7: AKANJI
B8: AKANJI | C8: 6 | D8: 6 | E8: 6 | F8: 6 | G8: MANCINI
B9: BARTESAGHI | C9: 6 | D9: 6 | E9: 6 | F9: 6 | G9: SPINAZZOLA
B10: PASALIC | C10: 5 | D10: 5 | E10: 8 | F10: 7 | G10: DA CUNHA
B11: MCKENNIE | C11: 6 | D11: 7 | E11: 5.5 | F11: 5.5 | G11: MANDRAGORA
B12: ZALEWSKI | C12: 5.5 | D12: 5 | E12: 5.5 | F12: 5.5 | G12: ORSOLINI
B13: LEAO | C13: 6 | D13: 9 | E13: 5.5 | F13: 5.5 | G13: FABBIAN
B14: CASTRO S. | C14: 6 | D14: 6 | E14: 5.5 | F14: 6 | G14: VLASIC
B15: YILDIZ | C15: 5.5 | D15: 5.5 | E15: 10.5 | F15: 7.5 | G15: DAVIS K.
B18: FC Polidem | D18: 2 | E18: 3 | G18: Fusbana
D19: 73.5 | E19: 76
B21: SOMMER | C21: 6 | D21: 6 | E21: 3 | F21: 6 | G21: DE GEA
B22: MARCANDALLI | C22: 5.5 | D22: 5.5 | E22: 6 | F22: 6 | G22: VALERI
B23: HIEN | C23: 6 | D23: 6 | E23: 6.5 | F23: 6.5 | G23: KRISTENSEN T.
B24: BREMER | C24: 5.5 | D24: 6.5 | E24: 10 | F24: 7 | G24: KABASELE
B25: BARTESAGHI | C25: 6 | D25: 6 | E25: 6 | F25: 6 | G25: VOJVODA
B26: DA CUNHA | C26: 7 | D26: 8 | E26: 8 | F26: 7 | G26: PERRONE
B27: CALHANOGLU | C27: 7 | D27: 9.5 | E27: 11.5 | F27: 7.5 | G27: RODRIGUEZ JE.
B28: PALESTRA | C28: 6.5 | D28: 6.5 | E28: 5 | F28: 5 | G28: PULISIC
B29: ZANIOLO | C29: 7 | D29: 8 | E29: 9.5 | F29: 7 | G29: CALHANOGLU
B30: ESPOSITO F.P. | C30: 6 | D30: 6 | E30: 5.5 | F30: 5.5 | G30: SAELEMAEKERS
B31: THURAM | C31: 5.5 | D31: 5.5 | E31: 5 | F31: 5.5 | G31: PELLEGRINO M.
B34: Vojvodka liscia | D34: 2 | E34: 0 | G34: FC Demepoli
D35: 72 | E35: 61
B37: MAIGNAN | C37: 6 | D37: 6 | E37: 3 | F37: 6 | G37: SVILAR
B38: CELIK | C38: 6 | D38: 6 | E38: 6 | F38: 6 | G38: DELPRATO
B39: BUONGIORNO | C39: 6 | D39: 6 | E39: 6.5 | F39: 6.5 | G39: RAMON
B40: KEMPF | C40: 6.5 | D40: 9.5 | E40: 6 | F40: 6 | G40: AKANJI
B41: ANGORI | C41: 6 | D41: 6 | E41: 6 | F41: 6 | G41: ANGORI
B42: RABIOT | C42: 6.5 | D42: 6.5 | E42: 6 | F42: 6 | G42: ZIELINSKI
B43: CATALDI | C43: 6 | D43: 6 | E43: 8 | F43: 7 | G43: PERRONE
B44: ISAKSEN | C44: 5.5 | D44: 5.5 | E44: 6 | F44: 6 | G44: SANTOS A.
B45: CONCEICAO | C45: 6.5 | D45: 9.5 | E45: 5.5 | F45: 5.5 | G45: KILICSOY
B46: ZIELINSKI | C46: 6 | D46: 6 | E46: 5 | F46: 5 | G46: PULISIC
B47: PELLEGRINO M. | C47: 5.5 | D47: 5 | E47: 3 | F47: 4 | G47: PINAMONTI
B50: PETRUS | D50: 0 | E50: 3 | G50: Pich Saint Germain
D51: 63.5 | E51: 77.5
B53: PERIN | C53: 5.5 | D53: 2.5 | E53: 6 | F53: 6 | G53: MAIGNAN
B54: BERTOLA | C54: 6.5 | D54: 6.5 | E54: 6 | F54: 6 | G54: CELIK
B55: OBERT | C55: 6 | D55: 5.5 | E55: 6.5 | F55: 5.5 | G55: BREMER
B56: OSTIGARD | C56: 6 | D56: 6 | E56: 6 | F56: 6 | G56: BEUKEMA
B57: BARTESAGHI | C57: 6 | D57: 6 | E57: 9.5 | F57: 7 | G57: WESLEY
B58: EKKELENKAMP | C58: 6 | D58: 6 | E58: 6.5 | F58: 6.5 | G58: RABIOT
B59: PASALIC | C59: 5 | D59: 5 | E59: 10 | F59: 7 | G59: KONÈ I.
B60: ZALEWSKI | C60: 5.5 | D60: 5 | E60: 6 | F60: 6 | G60: FRATTESI
B61: LEAO | C61: 6 | D61: 9 | E61: 5 | F61: 5 | G61: CANCELLIERI
B62: SCAMACCA | C62: 5.5 | D62: 5.5 | E62: 6.5 | F62: 6.5 | G62: BONNY
B63: BERARDI | C63: 6.5 | D63: 6.5 | E63: 9.5 | F63: 6.5 | G63: HOJLUND

Sheet Giornata 16
A1: Quarti Ritorno
B2: AC Nostalgici 1922 | D2: 2 | E2: 2 | G2: Zapdoria F.C.
D3: 70 | E3: 70.5
B5: SKORUPSKI | C5: 6.5 | D5: 6.5 | E5: 5 | F5: 6 | G5: MURIC
B6: VASQUEZ | C6: 6.5 | D6: 6.5 | E6: 6 | F6: 6 | G6: AKANJI
B7: AKANJI | C7: 6 | D7: 6 | E7: 6.5 | F7: 6.5 | G7: VASQUEZ
B8: MANCINI | C8: 6 | D8: 6 | E8: 6.5 | F8: 6.5 | G8: LUCUMÌ
B9: SPINAZZOLA | C9: 6 | D9: 6 | E9: 10.5 | F9: 7.5 | G9: DODÒ
B10: DA CUNHA | C10: 7 | D10: 7 | E10: 6 | F10: 6 | G10: MCKENNIE
B11: MANDRAGORA | C11: 6.5 | D11: 6.5 | E11: 5 | F11: 5 | G11: FOLORUNSHO
B12: ORSOLINI | C12: 6 | D12: 6 | E12: 6 | F12: 6 | G12: BARTESAGHI
B13: BATURINA | C13: 6.5 | D13: 6.5 | E13: 5 | F13: 5 | G13: LEAO
B14: VLASIC | C14: 7 | D14: 7 | E14: 6 | F14: 6 | G14: COLOMBO
B15: DAVIS K. | C15: 6 | D15: 6 | E15: 8 | F15: 7 | G15: YILDIZ
B18: Fusbana | D18: 0 | E18: 0 | G18: FC Polidem
D19: 63 | E19: 60.5
B21: AUDERO | C21: 5 | D21: 1 | E21: 5 | F21: 6 | G21: SOMMER
B22: MINA | C22: 6 | D22: 6 | E22: 5 | F22: 5 | G22: ZAPPA
B23: KABASELE | C23: 5.5 | D23: 5 | E23: 6 | F23: 6 | G23: MARCANDALLI
